price_id,product_name,source,completeness,consistency,accuracy,freshness,dq_score
1,,open_prices,16.7,20.0,20.0,25.0,81.7
2,,open_prices,16.7,20.0,20.0,25.0,81.7
3,,open_prices,16.7,20.0,20.0,25.0,81.7
4,,open_prices,16.7,20.0,20.0,25.0,81.7
5,,open_prices,16.7,20.0,20.0,25.0,81.7
6,,open_prices,16.7,20.0,20.0,25.0,81.7
7,,open_prices,16.7,20.0,20.0,25.0,81.7
8,,open_prices,16.7,20.0,20.0,25.0,81.7
9,,open_prices,16.7,20.0,20.0,25.0,81.7
10,,open_prices,16.7,20.0,20.0,25.0,81.7
11,,open_prices,16.7,20.0,20.0,25.0,81.7
12,,open_prices,16.7,20.0,20.0,25.0,81.7
13,,open_prices,16.7,20.0,20.0,25.0,81.7
14,,open_prices,16.7,20.0,20.0,25.0,81.7
15,Chou blanc lacto-fermenté bio,open_prices,25.0,20.0,20.0,25.0,90.0
16,Betterave Lacto-fermentée BIO,open_prices,25.0,20.0,20.0,25.0,90.0
17,Antésite réglisse anis étoilé,open_prices,25.0,20.0,20.0,25.0,90.0
18,Antesite,open_prices,25.0,20.0,20.0,25.0,90.0
19,,open_prices,16.7,20.0,20.0,25.0,81.7
20,,open_prices,16.7,20.0,20.0,25.0,81.7
21,Poudre à lever pour vos patisseries bio,open_prices,25.0,20.0,20.0,25.0,90.0
22,Préparation gélifiante Confix'bio,open_prices,25.0,20.0,20.0,25.0,90.0
23,Ferments Pour Yaourt Bifidus,open_prices,25.0,20.0,20.0,25.0,90.0
24,Agar-Agar,open_prices,25.0,20.0,20.0,25.0,90.0
25,Potabio épinards spiruline,open_prices,25.0,20.0,20.0,25.0,90.0
26,Potabio 5 légumes psyllium,open_prices,25.0,20.0,20.0,25.0,90.0
27,Potabio du monde - Potage Thaï,open_prices,25.0,20.0,20.0,25.0,90.0
28,Potabio du monde - Indien,open_prices,25.0,20.0,20.0,25.0,90.0
29,Potabio De La Mer,open_prices,25.0,20.0,20.0,25.0,90.0
30,Semoule mexicaine,open_prices,20.8,20.0,20.0,25.0,85.8
31,BioMinut' Nouilles indiennes,open_prices,25.0,20.0,20.0,25.0,90.0
32,Nouilles asiatiques bio minute,open_prices,20.8,20.0,20.0,25.0,85.8
33,Sucre vanillé bio,open_prices,25.0,20.0,20.0,25.0,90.0
34,,open_prices,16.7,20.0,20.0,25.0,81.7
35,,open_prices,16.7,20.0,20.0,25.0,81.7
36,Véritables cardons lyonnais,open_prices,25.0,20.0,20.0,25.0,90.0
37,,open_prices,16.7,20.0,20.0,25.0,81.7
38,Foie Gras,open_prices,25.0,20.0,20.0,25.0,90.0
39,,open_prices,16.7,20.0,20.0,25.0,81.7
40,,open_prices,16.7,20.0,20.0,25.0,81.7
41,,open_prices,16.7,20.0,20.0,25.0,81.7
42,Blonde,open_prices,25.0,20.0,20.0,25.0,90.0
43,Brune,open_prices,25.0,20.0,20.0,25.0,90.0
44,Blanche,open_prices,25.0,20.0,20.0,25.0,90.0
45,Lait bio demi-écremé U.H.T,open_prices,25.0,20.0,20.0,25.0,90.0
46,,open_prices,16.7,20.0,20.0,25.0,81.7
47,,open_prices,16.7,20.0,20.0,25.0,81.7
48,Filets de maquereaux - sauce moutarde de Dijon bio,open_prices,25.0,20.0,20.0,25.0,90.0
49,Filets de maquereaux,open_prices,25.0,20.0,20.0,25.0,90.0
50,Filets de maquereaux marinés au Muscadet,open_prices,25.0,20.0,20.0,25.0,90.0
51,Filets de Sardines à l'huile d'olive vierge extra bio,open_prices,25.0,20.0,20.0,25.0,90.0
52,Thon au Naturel,open_prices,25.0,20.0,20.0,25.0,90.0
53,Rillettes Sardines Algues,open_prices,25.0,20.0,20.0,25.0,90.0
54,7 à 14 Petites sardines Sprats,open_prices,25.0,20.0,20.0,25.0,90.0
55,Skipjack Tuna | In Brine,open_prices,25.0,20.0,20.0,25.0,90.0
56,Thon listao huile d olive,open_prices,25.0,20.0,20.0,25.0,90.0
57,Rillettes de Thon,open_prices,25.0,20.0,20.0,25.0,90.0
58,"Filets de Harengs fumés, aux carottes oignons bio",open_prices,25.0,20.0,20.0,25.0,90.0
59,Anchois entiers à l'huile d'olive extra bio,open_prices,25.0,20.0,20.0,25.0,90.0
60,Rillettes De Saumon,open_prices,25.0,20.0,20.0,25.0,90.0
61,Foie de morue au naturel,open_prices,25.0,20.0,20.0,25.0,90.0
62,Foie Morue Fumé Au Bois De Hêtre,open_prices,25.0,20.0,20.0,25.0,90.0
63,Foie de morue,open_prices,25.0,20.0,20.0,25.0,90.0
64,Germe de Blé,open_prices,25.0,20.0,20.0,25.0,90.0
65,Café instantané et céréales,open_prices,25.0,20.0,20.0,25.0,90.0
66,Germacoré - 100GR - Abbaye De Sept-Fons,open_prices,25.0,20.0,20.0,25.0,90.0
67,Sauce aux Morilles,open_prices,25.0,20.0,20.0,25.0,90.0
68,Sauce Nantua aux écrévisses,open_prices,25.0,20.0,20.0,25.0,90.0
69,,open_prices,16.7,20.0,20.0,25.0,81.7
70,Farine de blé du Trièves,open_prices,25.0,20.0,20.0,25.0,90.0
71,,open_prices,16.7,20.0,20.0,25.0,81.7
72,Ravioles au bloc de foie gras de canard,open_prices,25.0,20.0,20.0,25.0,90.0
73,Farine de riz intégrale,open_prices,25.0,20.0,20.0,25.0,90.0
74,Soufflés BIO Nature 4*80g,open_prices,25.0,20.0,20.0,25.0,90.0
75,POLENTE BIO  NATURE,open_prices,25.0,20.0,20.0,25.0,90.0
76,Gnocchi BIO à poêler sachet,open_prices,25.0,20.0,20.0,25.0,90.0
77,Ravioles BIO Emmental,open_prices,25.0,20.0,20.0,25.0,90.0
78,Ravioli BIO tomates confites & romarin,open_prices,25.0,20.0,20.0,25.0,90.0
79,Ravioli aux epinards cuisinés & pointe d'ail,open_prices,25.0,20.0,20.0,25.0,90.0
81,Ravioli au Boursin Ail & fines herbes sachet,open_prices,25.0,20.0,20.0,25.0,90.0
82,Ravioli BIO Comté AOP & poivre noir,open_prices,25.0,20.0,20.0,25.0,90.0
83,Ravioli aux poivrons grillés & pointe d'ail,open_prices,25.0,20.0,20.0,25.0,90.0
84,Ravioli au Mont d'Or AOP & romarin,open_prices,25.0,20.0,20.0,25.0,90.0
85,Purée Crue Noisettes,open_prices,25.0,20.0,20.0,25.0,90.0
86,Purée crue noisette,open_prices,25.0,20.0,20.0,25.0,90.0
87,Purée crue cacahuète,open_prices,25.0,20.0,20.0,25.0,90.0
88,Purée crue d'amandes complètes 300G,open_prices,25.0,20.0,20.0,25.0,90.0
89,Purée crue d'amande complète 200G,open_prices,25.0,20.0,20.0,25.0,90.0
90,Purée crue 100% Sésame Complet,open_prices,25.0,20.0,20.0,25.0,90.0
91,Purée Crue Sesame Demi Complet,open_prices,25.0,20.0,20.0,25.0,90.0
92,Purée amande coco,open_prices,25.0,20.0,20.0,25.0,90.0
93,Crunchy amande complète,open_prices,25.0,20.0,20.0,25.0,90.0
94,Puree d'amande orange camu camu,open_prices,25.0,20.0,20.0,25.0,90.0
95,Purée d'amande Framboise Thé vert,open_prices,25.0,20.0,20.0,25.0,90.0
96,Purée de sésame demi-complet,open_prices,25.0,20.0,20.0,25.0,90.0
97,Purée crue 100% sésame Tahin,open_prices,25.0,20.0,20.0,25.0,90.0
98,Epicerie / Epicerie Sucrée / Pâtes D'amandes Bio,open_prices,25.0,20.0,20.0,25.0,90.0
99,Pâtes D'amandes Complète Bio,open_prices,25.0,20.0,20.0,25.0,90.0
100,Lait d’amande chocolat,open_prices,25.0,20.0,20.0,25.0,90.0
101,Noisett'ina,open_prices,25.0,20.0,20.0,25.0,90.0
