off_code,off_name,off_brand,off_clean_name,usda_fdc_id,usda_name,usda_brand,usda_category,usda_ingredients,match_score,match_quality
16000275287,Cheerios,Cheerios,Cheerios,2517161,Cheerios Cereal,General Mills,Processed Cereal Products,"WHOLE GRAIN OATS, CORN STARCH, SUGAR, SALT, TRIPOTASSIUM PHOSPHATE. VITAMIN E (MIXED TOCOPHEROLS) ADDED TO PRESERVE FRESHNESS.VITAMINS AND MINERALS: CALCIUM CARBONATE, IRON AND ZINC (MINERAL NUTRIENTS",62.6,medium
16000487925,Chex cereal honey nut gluten free,"General Mills,Chex",Honey Nut Chex Cereal,2517161,Cheerios Cereal,General Mills,Processed Cereal Products,"WHOLE GRAIN OATS, CORN STARCH, SUGAR, SALT, TRIPOTASSIUM PHOSPHATE. VITAMIN E (MIXED TOCOPHEROLS) ADDED TO PRESERVE FRESHNESS.VITAMINS AND MINERALS: CALCIUM CARBONATE, IRON AND ZINC (MINERAL NUTRIENTS",73.1,high
38000138416,Original,Pringles,Original,2112077,FROSTED FLAKES CEREAL,Raley's,Cereal,"MILLED CORN, SUGAR, SALT, MALTED BARLEY SYRUP. VITAMINS AND MINERALS: SODIUM ASCORBATE (VITAMIN C), REDUCED IRON, NIACINAMIDE, PYRIDOXINE HYDROCHLORIDE (VITAMIN B6), RIBOFLAVIN (VITAMIN B2), THIAMIN M",17.2,low
44000032159,Bits cheese cracker sandwiches go-pak,"Ritz, Nabisco",Ritz Bits Cheese Cracker Sandwiches,1592690,"KRAFT, MACARONI & CHEESE DINNER",Kraft Heinz Foods Company,Pasta Dinners,"PASTA (ENRICHED WHEAT FLOUR [WHEAT FLOUR, NIACIN, FERROUS SULFATE (IRON), THIAMIN MONONITRATE (VITAMIN B1), RIBOFLAVIN (VITAMIN B2), FOLIC ACID], WHOLE WHEAT FLOUR, GLYCEROL MONOSTEARATE); CHEESE SAUC",40.9,low
49000006346,Coca cola can cokes LG,Coca cola,Coca Cola,2678649,"COCA-COLA, COLA",Coca-Cola USA Operations,Soda,"CARBONATED WATER, HIGH FRUCTOSE CORN SYRUP, CARAMEL COLOR, PHOSPHORIC ACID, NATURAL FLAVORS, CAFFEINE. ",69.7,medium
9800895007,Hazelnut Spread with Cocoa,Nutella,Hazelnut Spread with Cocoa,2008989,"SKIPPY, PEANUT BUTTER SPREAD WITH HONEY",Unilever Bestfoods North America,Nut & Seed Butters,"PEANUT BUTTER, SPREAD (ROASTED PEANUTS, PALM OIL, PEANUT OIL, SALT), SUGAR, HONEY.",44.9,low
21000658831,mac & cheese,Kraft,Mac and Cheese,2675215,"KRAFT, SHARP CHEDDAR CHEESE",Kraft Heinz Foods Company,Cheese,"PASTEURIZED MILK, CHEESE CULTURE, SALT, ENZYMES, ANNATTO (COLOR).",45.0,low
8076809513753,PESTO alla Genovese,Barilla,Pesto alla Genovese,2634359,"BARILLA, ORGANIC, PENNE PASTA",Barilla G & R F.Lli S.P.A.,Pasta by Shape & Type,"ORGANIC SEMOLINA (WHEAT), ORGANIC DURUM WHEAT FLOUR. VITAMINS/MINERALS: VITAMIN B3 (NIACIN), IRON (FERROUS SULFATE), VITAMIN B1 (THIAMINE MONONITRATE), VITAMIN B2 (RIBOFLAVIN), FOLIC ACID.",49.3,low
5060292302201,potato snacks,popchips,Potato Snacks,2699981,"Prego Classic Pasta Sauce, 18.5 Oz Can",CAMPBELL SOUP COMPANY,Sauces/Spreads/Dips/Condiments,"INGREDIENTS: TOMATO PUREE (WATER, TOMATO PASTE), WATER, SUGAR, CONTAINS LESS THAN 2% OF: WHEAT FLOUR, MODIFIED FOOD STARCH, SALT, VEGETABLE OIL (CORN, CANOLA, AND/OR SOYBEAN), SPICES, CITRIC ACID, ONI",35.2,low
30000169018,LIGHTLY SALTED RICE CAKES,QUAKER,Lightly Salted Rice Cakes,2112077,FROSTED FLAKES CEREAL,Raley's,Cereal,"MILLED CORN, SUGAR, SALT, MALTED BARLEY SYRUP. VITAMINS AND MINERALS: SODIUM ASCORBATE (VITAMIN C), REDUCED IRON, NIACINAMIDE, PYRIDOXINE HYDROCHLORIDE (VITAMIN B6), RIBOFLAVIN (VITAMIN B2), THIAMIN M",43.8,low
30000436073,"Simply Granola Oats, Honey, Raisins & Almonds",Quaker,"Granola Oats with Honey, Raisins, and Almonds",2008989,"SKIPPY, PEANUT BUTTER SPREAD WITH HONEY",Unilever Bestfoods North America,Nut & Seed Butters,"PEANUT BUTTER, SPREAD (ROASTED PEANUTS, PALM OIL, PEANUT OIL, SALT), SUGAR, HONEY.",40.5,low
30000169476,Chocolate Rice Cakes,Quaker,Chocolate Rice Cakes,2089201,"HERSHEY'S, CHOCOLATE CAKE","Wal-Mart Stores, Inc.","Cakes, Cupcakes, Snack Cakes","SUGAR, HERSHEY'S SPECIAL DARK SYRUP (HIGH FRUCTOSE CORN SYRUP, CORN SYRUP, WATER, COCOA PROCESSED WITH ALKALI, SUGAR, SALT, MONO- AND DIGLYCERIDES, XANTHAN GUM, POLYSORBATE 60, ARTIFICIAL FLAVOR), ENR",60.4,medium
30000169001,Apple Cinnamon Rice Cakes,Quaker,Apple Cinnamon Rice Cakes,360010,FROSTED FLAKES CEREAL,Harris-Teeter Inc.,Cereal,"MILLED CORN, SUGAR, CONTAINS 2% OR LESS OF: SALT, MALT EXTRACT, CORN SYRUP, WHEAT STARCH. VITAMINS & MINERALS: VITAMIN B1 (THIAMIN MONONITRATE), VITAMIN B2 (RIBOFLAVIN), NIACIN (NIACINAMIDE), VITAMIN ",41.5,low
30000169100,CARAMEL RICE CAKES,QUAKER,Caramel Rice Cakes,2089201,"HERSHEY'S, CHOCOLATE CAKE","Wal-Mart Stores, Inc.","Cakes, Cupcakes, Snack Cakes","SUGAR, HERSHEY'S SPECIAL DARK SYRUP (HIGH FRUCTOSE CORN SYRUP, CORN SYRUP, WATER, COCOA PROCESSED WITH ALKALI, SUGAR, SALT, MONO- AND DIGLYCERIDES, XANTHAN GUM, POLYSORBATE 60, ARTIFICIAL FLAVOR), ENR",43.8,low
1201303,Pepsi,Pepsi,Pepsi,1458066,Diet Pepsi Cola 2 Liter Plastic Bottle,Pepsico Inc.,Non Alcoholic Beverages  Ready to Drink,"INGREDIENTS: CARBONATED WATER, CARAMEL COLOR, PHOSPHORIC ACID, POTASSIUM BENZOATE (PRESERVES FRESHNESS), SUCRALOSE, ACESULFAME POTASSIUM, CAFFEINE, NATURAL FLAVOR, CITRIC ACID.",39.9,low
1212901,Pepsi,Pepsi,Pepsi,1458066,Diet Pepsi Cola 2 Liter Plastic Bottle,Pepsico Inc.,Non Alcoholic Beverages  Ready to Drink,"INGREDIENTS: CARBONATED WATER, CARAMEL COLOR, PHOSPHORIC ACID, POTASSIUM BENZOATE (PRESERVES FRESHNESS), SUCRALOSE, ACESULFAME POTASSIUM, CAFFEINE, NATURAL FLAVOR, CITRIC ACID.",39.9,low
1280504,Diet Pepsi,Pepsi,Diet Pepsi,1458066,Diet Pepsi Cola 2 Liter Plastic Bottle,Pepsico Inc.,Non Alcoholic Beverages  Ready to Drink,"INGREDIENTS: CARBONATED WATER, CARAMEL COLOR, PHOSPHORIC ACID, POTASSIUM BENZOATE (PRESERVES FRESHNESS), SUCRALOSE, ACESULFAME POTASSIUM, CAFFEINE, NATURAL FLAVOR, CITRIC ACID.",53.0,medium
12000171741,Diet Pepsi,Pepsi,Diet Pepsi,1458066,Diet Pepsi Cola 2 Liter Plastic Bottle,Pepsico Inc.,Non Alcoholic Beverages  Ready to Drink,"INGREDIENTS: CARBONATED WATER, CARAMEL COLOR, PHOSPHORIC ACID, POTASSIUM BENZOATE (PRESERVES FRESHNESS), SUCRALOSE, ACESULFAME POTASSIUM, CAFFEINE, NATURAL FLAVOR, CITRIC ACID.",53.0,medium
6111252421582,اكوافينا,pepsi,Aquafina,1460452,Pepsi Cola 12 Fluid Ounce Aluminum Can,Pepsico Inc.,Non Alcoholic Beverages  Ready to Drink,"CARBONATED WATER, HIGH FRUCTOSE CORN SYRUP, CARAMEL COLOR, SUGAR, PHOSPHORIC ACID, CAFFEINE, CITRIC ACID, NATURAL FLAVOR.",41.7,low
3400704,Ice Breakers Cool Mint,Hershey,Ice Breakers Cool Mint,2089201,"HERSHEY'S, CHOCOLATE CAKE","Wal-Mart Stores, Inc.","Cakes, Cupcakes, Snack Cakes","SUGAR, HERSHEY'S SPECIAL DARK SYRUP (HIGH FRUCTOSE CORN SYRUP, CORN SYRUP, WATER, COCOA PROCESSED WITH ALKALI, SUGAR, SALT, MONO- AND DIGLYCERIDES, XANTHAN GUM, POLYSORBATE 60, ARTIFICIAL FLAVOR), ENR",45.7,low
10700021526,Milk Duds,Hershey,Milk Duds,1629649,"HERSHEY'S, MILK CHOCOLATE","Hershey Mexico, S.A. De C.V.",Chocolate,"MILK CHOCOLATE (SUGAR; MILK; CHOCOLATE; COCOA BUTTER; LACTOSE; MILK FAT; SOY LECITHIN; PGPR, EMULSIFIER; VANILLIN, ARTIFICIAL FLAVOR).",40.4,low
34000944552,Plant based oat chocolate confection,Hershey,Plant Based Oat Chocolate Confection,2089201,"HERSHEY'S, CHOCOLATE CAKE","Wal-Mart Stores, Inc.","Cakes, Cupcakes, Snack Cakes","SUGAR, HERSHEY'S SPECIAL DARK SYRUP (HIGH FRUCTOSE CORN SYRUP, CORN SYRUP, WATER, COCOA PROCESSED WITH ALKALI, SUGAR, SALT, MONO- AND DIGLYCERIDES, XANTHAN GUM, POLYSORBATE 60, ARTIFICIAL FLAVOR), ENR",48.3,low
810031480364,Hershey’s S’mores Popcorn,Hershey,Hershey's S'mores Popcorn,1629649,"HERSHEY'S, MILK CHOCOLATE","Hershey Mexico, S.A. De C.V.",Chocolate,"MILK CHOCOLATE (SUGAR; MILK; CHOCOLATE; COCOA BUTTER; LACTOSE; MILK FAT; SOY LECITHIN; PGPR, EMULSIFIER; VANILLIN, ARTIFICIAL FLAVOR).",48.5,low
3403109,Mounds Dark Chocolate,Hershey,Mounds Dark Chocolate,1629649,"HERSHEY'S, MILK CHOCOLATE","Hershey Mexico, S.A. De C.V.",Chocolate,"MILK CHOCOLATE (SUGAR; MILK; CHOCOLATE; COCOA BUTTER; LACTOSE; MILK FAT; SOY LECITHIN; PGPR, EMULSIFIER; VANILLIN, ARTIFICIAL FLAVOR).",58.1,medium
77567254238,Natural Vanilla Ice Cream,"Breyers,Unilever",Natural Vanilla Ice Cream,2517161,Cheerios Cereal,General Mills,Processed Cereal Products,"WHOLE GRAIN OATS, CORN STARCH, SUGAR, SALT, TRIPOTASSIUM PHOSPHATE. VITAMIN E (MIXED TOCOPHEROLS) ADDED TO PRESERVE FRESHNESS.VITAMINS AND MINERALS: CALCIUM CARBONATE, IRON AND ZINC (MINERAL NUTRIENTS",46.3,low
186852000389,Gelato - Madagascan Vanilla Bean,"Talenti,Unilever",Gelato Madagascan Vanilla Bean,2019806,"BARILLA, PASTA, ROTINI",Barilla G & R F.Lli S.P.A.,Pasta by Shape & Type,WHOLE GRAIN DURUM WHEAT FLOUR.,37.7,low
12000012754,Green tea,"Lipton,Unilever",Green Tea,2112077,FROSTED FLAKES CEREAL,Raley's,Cereal,"MILLED CORN, SUGAR, SALT, MALTED BARLEY SYRUP. VITAMINS AND MINERALS: SODIUM ASCORBATE (VITAMIN C), REDUCED IRON, NIACINAMIDE, PYRIDOXINE HYDROCHLORIDE (VITAMIN B6), RIBOFLAVIN (VITAMIN B2), THIAMIN M",33.7,low
186852000334,Caramel cookie crunch gelato,"Talenti,  Unilever",Caramel Cookie Crunch Gelato,2089201,"HERSHEY'S, CHOCOLATE CAKE","Wal-Mart Stores, Inc.","Cakes, Cupcakes, Snack Cakes","SUGAR, HERSHEY'S SPECIAL DARK SYRUP (HIGH FRUCTOSE CORN SYRUP, CORN SYRUP, WATER, COCOA PROCESSED WITH ALKALI, SUGAR, SALT, MONO- AND DIGLYCERIDES, XANTHAN GUM, POLYSORBATE 60, ARTIFICIAL FLAVOR), ENR",42.7,low
77567226006,Breyers Homemade Vanilla Ice Cream,"Breyers,Unilever",Breyers Vanilla Ice Cream,2517161,Cheerios Cereal,General Mills,Processed Cereal Products,"WHOLE GRAIN OATS, CORN STARCH, SUGAR, SALT, TRIPOTASSIUM PHOSPHATE. VITAMIN E (MIXED TOCOPHEROLS) ADDED TO PRESERVE FRESHNESS.VITAMINS AND MINERALS: CALCIUM CARBONATE, IRON AND ZINC (MINERAL NUTRIENTS",41.5,low
28400040037,Fritos,Lays,Fritos,2738631,Cheerios Cereal,GENERAL MILLS SALES INC.,Processed Cereal Products,"Whole Grain Oats, Corn Starch, Sugar, Salt, Tripotassium Phosphate. Vitamin E (mixed tocopherols) Added to Preserve Freshness.Vitamins and Minerals: Calcium Carbonate, Iron and Zinc (mineral nutrients",35.4,low
28400091565,Lays Classic,Lays,Lays Classic,2112077,FROSTED FLAKES CEREAL,Raley's,Cereal,"MILLED CORN, SUGAR, SALT, MALTED BARLEY SYRUP. VITAMINS AND MINERALS: SODIUM ASCORBATE (VITAMIN C), REDUCED IRON, NIACINAMIDE, PYRIDOXINE HYDROCHLORIDE (VITAMIN B6), RIBOFLAVIN (VITAMIN B2), THIAMIN M",34.0,low
28400761918,Sweet potato popables,Lays,Sweet Potato Popables,2112077,FROSTED FLAKES CEREAL,Raley's,Cereal,"MILLED CORN, SUGAR, SALT, MALTED BARLEY SYRUP. VITAMINS AND MINERALS: SODIUM ASCORBATE (VITAMIN C), REDUCED IRON, NIACINAMIDE, PYRIDOXINE HYDROCHLORIDE (VITAMIN B6), RIBOFLAVIN (VITAMIN B2), THIAMIN M",42.0,low
28400679732,Baked Popped Mix,Lays,Baked Popped Mix,2112077,FROSTED FLAKES CEREAL,Raley's,Cereal,"MILLED CORN, SUGAR, SALT, MALTED BARLEY SYRUP. VITAMINS AND MINERALS: SODIUM ASCORBATE (VITAMIN C), REDUCED IRON, NIACINAMIDE, PYRIDOXINE HYDROCHLORIDE (VITAMIN B6), RIBOFLAVIN (VITAMIN B2), THIAMIN M",40.6,low
28400770088,Classic,Lays,Classic,2112077,FROSTED FLAKES CEREAL,Raley's,Cereal,"MILLED CORN, SUGAR, SALT, MALTED BARLEY SYRUP. VITAMINS AND MINERALS: SODIUM ASCORBATE (VITAMIN C), REDUCED IRON, NIACINAMIDE, PYRIDOXINE HYDROCHLORIDE (VITAMIN B6), RIBOFLAVIN (VITAMIN B2), THIAMIN M",18.2,low
9800895250,HAZELNUT SPREAD WITH COCOA,nutella,Hazelnut Spread with Cocoa,2008989,"SKIPPY, PEANUT BUTTER SPREAD WITH HONEY",Unilever Bestfoods North America,Nut & Seed Butters,"PEANUT BUTTER, SPREAD (ROASTED PEANUTS, PALM OIL, PEANUT OIL, SALT), SUGAR, HONEY.",44.9,low
9800892204,Hazelnut spread with cocoa,Nutella,Hazelnut Spread with Cocoa,2008989,"SKIPPY, PEANUT BUTTER SPREAD WITH HONEY",Unilever Bestfoods North America,Nut & Seed Butters,"PEANUT BUTTER, SPREAD (ROASTED PEANUTS, PALM OIL, PEANUT OIL, SALT), SUGAR, HONEY.",44.9,low
9800830039,biscuits,nutella,Nutella Biscuits,1759570,"SKIPPY, PEANUT BUTTER",Hormel Foods Corporation ,Nut & Seed Butters,"ROASTED PEANUTS, SUGAR, HYDROGENATED VEGETABLE OIL (COTTONSEED, SOYBEAN AND RAPESEED OIL) TO PREVENT SEPARATION, SALT.",35.0,low
9800800056,Hazelnut Spread + Breadsticks,nutella,Hazelnut Spread with Breadsticks,2008989,"SKIPPY, PEANUT BUTTER SPREAD WITH HONEY",Unilever Bestfoods North America,Nut & Seed Butters,"PEANUT BUTTER, SPREAD (ROASTED PEANUTS, PALM OIL, PEANUT OIL, SALT), SUGAR, HONEY.",45.7,low
3168930010265,cruesly mélange de noix,Quaker,Cruesly Mélange de Noix,2112077,FROSTED FLAKES CEREAL,Raley's,Cereal,"MILLED CORN, SUGAR, SALT, MALTED BARLEY SYRUP. VITAMINS AND MINERALS: SODIUM ASCORBATE (VITAMIN C), REDUCED IRON, NIACINAMIDE, PYRIDOXINE HYDROCHLORIDE (VITAMIN B6), RIBOFLAVIN (VITAMIN B2), THIAMIN M",42.1,low
3229820160672,Croustillant Chocolat,Bjorg,Croustillant Chocolat,2678649,"COCA-COLA, COLA",Coca-Cola USA Operations,Soda,"CARBONATED WATER, HIGH FRUCTOSE CORN SYRUP, CARAMEL COLOR, PHOSPHORIC ACID, NATURAL FLAVORS, CAFFEINE. ",47.8,low
3229820019307,Flocons d'avoine,Bjorg,Oat Flakes,2112077,FROSTED FLAKES CEREAL,Raley's,Cereal,"MILLED CORN, SUGAR, SALT, MALTED BARLEY SYRUP. VITAMINS AND MINERALS: SODIUM ASCORBATE (VITAMIN C), REDUCED IRON, NIACINAMIDE, PYRIDOXINE HYDROCHLORIDE (VITAMIN B6), RIBOFLAVIN (VITAMIN B2), THIAMIN M",47.0,low
3229820129488,"Muesli Raisin, Figue, Abricot",Bjorg,"Muesli Raisin, Fig, Apricot",2019806,"BARILLA, PASTA, ROTINI",Barilla G & R F.Lli S.P.A.,Pasta by Shape & Type,WHOLE GRAIN DURUM WHEAT FLOUR.,37.9,low
3387390123210,NESTLE CHOCAPIC Céréales 375g,"Nestlé, Chocapic",Nestle Chocapic Cereal,2738631,Cheerios Cereal,GENERAL MILLS SALES INC.,Processed Cereal Products,"Whole Grain Oats, Corn Starch, Sugar, Salt, Tripotassium Phosphate. Vitamin E (mixed tocopherols) Added to Preserve Freshness.Vitamins and Minerals: Calcium Carbonate, Iron and Zinc (mineral nutrients",54.6,medium
5053990161966,Pringles Texas BBQ,Pringles,Pringles Texas BBQ,2112077,FROSTED FLAKES CEREAL,Raley's,Cereal,"MILLED CORN, SUGAR, SALT, MALTED BARLEY SYRUP. VITAMINS AND MINERALS: SODIUM ASCORBATE (VITAMIN C), REDUCED IRON, NIACINAMIDE, PYRIDOXINE HYDROCHLORIDE (VITAMIN B6), RIBOFLAVIN (VITAMIN B2), THIAMIN M",40.4,low
3497917000136,Chips Paysanne,Brets,Chips Paysanne,2634359,"BARILLA, ORGANIC, PENNE PASTA",Barilla G & R F.Lli S.P.A.,Pasta by Shape & Type,"ORGANIC SEMOLINA (WHEAT), ORGANIC DURUM WHEAT FLOUR. VITAMINS/MINERALS: VITAMIN B3 (NIACIN), IRON (FERROUS SULFATE), VITAMIN B1 (THIAMINE MONONITRATE), VITAMIN B2 (RIBOFLAVIN), FOLIC ACID.",43.9,low
5053990161607,Pringles Paprika,Pringles,Pringles Paprika,2019806,"BARILLA, PASTA, ROTINI",Barilla G & R F.Lli S.P.A.,Pasta by Shape & Type,WHOLE GRAIN DURUM WHEAT FLOUR.,44.5,low
5410041143508,Gout Bacon,Tuc,Gout Bacon,2678649,"COCA-COLA, COLA",Coca-Cola USA Operations,Soda,"CARBONATED WATER, HIGH FRUCTOSE CORN SYRUP, CARAMEL COLOR, PHOSPHORIC ACID, NATURAL FLAVORS, CAFFEINE. ",32.9,low
5053990127665,Pringles Hot & Spicy,Pringles,Pringles Hot and Spicy,2088784,"HEINZ, TOMATO KETCHUP, HOT & SPICY","Original Chili Co., Inc.","Ketchup, Mustard, BBQ & Cheese Sauce","HEINZ TOMATO KETCHUP (TOMATO CONCENTRATE FROM RED RIPE TOMATOES, DISTILLED VINEGAR, HIGH FRUCTOSE CORN SYRUP, CORN SYRUP, SALT, SPICE, ONION POWDER, NATURAL FLAVORING), TABASCO BRAND PEPPER SAUCE (DIS",43.7,low
5449000054227,Cocacola original taste,Coca-Cola,Coca Cola Original,2678649,"COCA-COLA, COLA",Coca-Cola USA Operations,Soda,"CARBONATED WATER, HIGH FRUCTOSE CORN SYRUP, CARAMEL COLOR, PHOSPHORIC ACID, NATURAL FLAVORS, CAFFEINE. ",69.7,medium
5449000214799,Coke Zero,Coca-Cola,Coke Zero,770088,OREO COOKIES,,Biscuits/Cookies,"Ingredients: WHEAT flour, sugar, vegetable oils (palm, palm kernel), fat reduced cocoa powder 4,6%, WHEAT starch, glucose-fructose syrup, raising agents (potassium hydrogen carbonate, ammonium hydroge",50.8,medium
