fdc_id,description,brand_owner,brand_name,gtin_upc,ingredients,food_category,serving_size,serving_size_unit,published_date,market_country,data_source,search_term
2517161,Cheerios Cereal,General Mills,Cheerios,00016000275287,"WHOLE GRAIN OATS, CORN STARCH, SUGAR, SALT, TRIPOTASSIUM PHOSPHATE. VITAMIN E (MIXED TOCOPHEROLS) ADDED TO PRESERVE FRESHNESS.VITAMINS AND MINERALS: CALCIUM CARBONATE, IRON AND ZINC (MINERAL NUTRIENTS), VITAMIN C (SODIUM ASCORBATE), A B VITAMIN (NIACINAMIDE), VITAMIN B6 (PYRIDOXINE HYDROCHLORIDE), VITAMIN A (PALMITATE), VITAMIN B1 (THIAMIN MONONITRATE), A B VITAMIN (FOLIC ACID), VITAMIN B12, VITAMIN D3.",Processed Cereal Products,20.0,GRM,2023-04-27,United States,GDSN,cheerios
2738631,Cheerios Cereal,GENERAL MILLS SALES INC.,Cheerios,00016000322622,"Whole Grain Oats, Corn Starch, Sugar, Salt, Tripotassium Phosphate. Vitamin E (mixed tocopherols) Added to Preserve Freshness.Vitamins and Minerals: Calcium Carbonate, Iron and Zinc (mineral nutrients), Vitamin C (sodium ascorbate), A B Vitamin (niacinamide), Vitamin B6 (pyridoxine hydrochloride), Vitamin A (palmitate), Vitamin B1 (thiamin mononitrate), A B Vitamin (folic acid), Vitamin B12, Vitamin D3.",Processed Cereal Products,28.0,GRM,2025-07-24,United States,GDSN,cheerios
759418,Cheerios Cereal,GENERAL MILLS SALES INC.,,00016000503687,"WHOLE GRAIN OATS, CORN STARCH, SUGAR, SALT, TRIPOTASSIUM PHOSPHATE. VITAMIN E (MIXED TOCOPHEROLS) ADDED TO PRESERVE FRESHNESS.VITAMINS AND MINERALS: CALCIUM CARBONATE, IRON AND ZINC (MINERAL NUTRIENTS), VITAMIN C (SODIUM ASCORBATE), A B VITAMIN (NIACINAMIDE), VITAMIN B6 (PYRIDOXINE HYDROCHLORIDE), VITAMIN A (PALMITATE), VITAMIN B1 (THIAMIN MONONITRATE), A B VITAMIN (FOLIC ACID), VITAMIN B12, VITAMIN D3.",Processed Cereal Products,26.0,g,2020-02-27,United States,GDSN,cheerios
1462106,Blueberry Cheerios Cereal,GENERAL MILLS SALES INC.,Cheerios,00016000149830,"Whole Grain Oats, Sugar, Oat Bran, Blueberry Puree Concentrate, Corn Starch, Canola Oil, Salt, Corn Syrup, Vegetable and Fruit Juice Color, Trisodium Phosphate, Natural Flavor. Vitamin E (mixed tocopherols) Added to Preserve Freshness.Vitamins and Minerals: Calcium Carbonate, Vitamin C (sodium ascorbate), A B Vitamin (niacinamide), Zinc and Iron (mineral nutrients), Vitamin B6 (pyridoxine hydrochloride), Vitamin B1 (thiamin mononitrate), Vitamin A (palmitate), Vitamin B2 (riboflavin), A B Vitamin (folic acid), Vitamin B12, Vitamin D3.",Processed Cereal Products,150.0,g,2021-03-19,United States,GDSN,cheerios
2233830,Blueberry Cheerios Cereal,GENERAL MILLS SALES INC.,Cheerios,00016000149847,"Whole Grain Oats, Sugar, Blueberry Puree Concentrate, Corn Starch, Canola Oil, Salt, Corn Syrup, Vegetable and Fruit Juice Color, Trisodium Phosphate, Natural Flavor. Vitamin E (mixed tocopherols) Added to Preserve Freshness. Vitamins and Minerals: Calcium Carbonate, Vitamin C (sodium ascorbate), Iron and Zinc (mineral nutrients), A B Vitamin (niacinamide), Vitamin B6 (pyridoxine hydrochloride), Vitamin B1 (thiamin mononitrate), Vitamin A (palmitate), Vitamin B2 (riboflavin), A B Vitamin (folic acid), Vitamin B12, Vitamin D3.",Processed Cereal Products,159.0,g,2022-04-01,United States,GDSN,cheerios
2511625,"OREO CEREAL, OREO","Post Consumer Brands, LLC",OREO O'S,884912268396,"CORN FLOUR, SUGAR, WHOLE GRAIN OAT FLOUR, COCOA (PROCESSED WITH ALKALI), CANOLA OIL, CORN SYRUP, UNBLEACHED ENRICHED FLOUR (WHEAT FLOUR, NIACIN, REDUCED IRON, THIAMIN MONONITRATE (VITAMIN B1), RIBOFLAVIN (VITAMIN B2), FOLIC ACID), SALT, DEGERMED CORN MEAL, NATURAL AND ARTIFICIAL FLAVOR, CORNSTARCH, PALM OIL, TITANIUM DIOXIDE (COLOR), CHOCOLATE LIQUOR, HIGH FRUCTOSE CORN SYRUP, LEAVENING (BAKING SODA AND/OR CALCIUM PHOSPHATE), SOY LECITHIN, BHT TO PRESERVE FRESHNESS. VITAMINS AND MINERALS: FERRIC ORTHOPHOSPHATE (SOURCE OF IRON), NIACINAMIDE (VITAMIN B3), ZINC OXIDE (SOURCE OF ZINC) THIAMIN MONONITRATE (VITAMIN B1), CALCIUM PANTOTHENATE (A B-VITAMIN), PYRIDOXINE HYDROCHLORIDE (VITAMIN B6), FOLIC ACID.",Cereal,30.0,MG,2023-03-16,United States,LI,oreo
2655431,"OREO CHEESECAKE, OREO","GAD BAKERIES, LLC",JUNIOR'S,0748924340016,"CREAM CHEESE (MILK, CREAM, CONTAINS LESS THAN 2% OF SALT, CAROB BEAN GUM, CHEESE CULTURE), OREO COOKIES (UNBLEACHED ENRICHED FLOUR [WHEAT FLOUR, NIACIN, REDUCED IRON, THIAMINE MONONITRATE {VITAMIN B1}, RIBOFLAVIN {VITAMIN B2}, FOLIC ACID], SUGAR, SOYBEAN AND/OR CANOLA OIL, COCOA [PROCESSED WITH ALKALI], PALM OIL, INVERT SUGAR, LEAVENING [BAKING SODA AND/OR CALCIUM PHOSPHATE], HIGH FRUCTOSE CORN SYRUP, SALT, SOY LECITHIN, CHOCOLATE, NATURAL FLAVOR, ARTIFICIAL FLAVOR), SUGAR, HEAVY CREAM, EGGS (EGGS, CITRIC ACID, WATER), BUTTER (SWEET CREAM, NATURAL FLAVOR), PASTEURIZED CULTURED SKIM MILK, CONTAINS LESS THAN 2% OF THE FOLLOWING: CORN STARCH, WATER, NATURAL FLAVOR, MILK PROTEIN, MICROBIAL RENNET, SOYBEAN LECITHIN","Cakes, Cupcakes, Snack Cakes",136.0,GRM,2023-10-26,United States,LI,oreo
2500857,"OREO CONES, OREO",Nabisco Biscuit Company,OREO,044000048938,"BLEACHED AND UNBLEACHED ENRICHED FLOUR (WHEAT FLOUR, NIACIN, REDUCED IRON, THIAMINE MONONITRATE {VITAMIN B1}, RIBOFLAVIN {VITAMIN B2}, FOLIC ACID), BROWN SUGAR, COCOA (PROCESSED WITH ALKALI), SUGAR, SOYBEAN AND/OR CANOLA AND/OR PALM OIL, CARAMEL COLOR, HIGH OLEIC CANOLA OIL, SALT, HIGH FRUCTOSE CORN SYRUP, SOY LECITHIN, LEAVENING (BAKING SODA AND/OR CALCIUM PHOSPHATE), ARTIFICIAL FLAVOR, CHOCOLATE.",Crackers & Biscotti,13.0,MG,2023-03-16,United States,LI,oreo
2670884,"OREO MUFFINS, OREO",,TWO-BITE,770981107806,"SUGAR, BLEACHED ENRICHED WHEAT FLOUR (WHEAT FLOUR, NIACIN, REDUCED IRON, THIAMINE MONONITRATE, RIBOFLAVIN, FOLIC ACID), SOYBEAN AND/OR CANOLA OIL, WATER, EGGS, COCOA POWDER (PROCESSED WITH ALKALI), INVERT SUGAR, PALM AND PALM KERNEL OIL, GLYCERIN, CONTAINS 2% OR LESS OF: MODIFIED CORNSTARCH, LEAVENING (BAKING SODA, SODIUM ALUMINUM PHOSPHATE AND/OR SODIUM ACID PYROPHOSPHATE, MONOCALCIUM PHOSPHATE), EMULSIFIER BLEND (MONO- AND DIGLYCERIDES, SODIUM STEAROYL LACTYLATE, POLYSORBATE 60), NATURAL AND ARTIFICIAL FLAVOR, WHEY (MILK), NONFAT DRY MILK, POTASSIUM SORBATE (PRESERVATIVE), SALT, WHEAT GLUTEN, XANTHAN GUM, GUAR GUM, SORBIC ACID (PRESERVATIVE), ENZYMES, SOYBEAN LECITHIN.","Croissants, Sweet Rolls, Muffins & Other Pastries",57.0,GRM,2023-11-16,United States,LI,oreo
2538746,"OREO MUFFINS, OREO",,THE WORTHY CRUMB PASTRY CO.,770981167312,"SUGAR, SOYBEAN OIL, WATER, BLEACHED ENRICHED WHEAT FLOUR (WHEAT FLOUR, NIACIN, REDUCED IRON, THIAMINE MONONITRATE, RIBOFLAVIN, FOLIC ACID), OREO COOKIE PIECES (ENRICHED WHEAT FLOUR [WHEAT FLOUR, NIACIN, REDUCED IRON, THIAMINE MONONITRATE, RIBOFLAVIN, FOLIC ACID], SUGAR, FRACTIONATED PALM OIL, CANOLA OIL, COCOA POWDER [PROCESSED WITH ALKALI], HIGH FRUCTOSE CORN SYRUP, SALT, SOYBEAN LECITHIN [EMULSIFIER], LEAVENING [BAKING SODA, AMMONIUM BICARBONATE], UNSWEETENED CHOCOLATE, ARTIFICIAL FLAVOR), EGGS, COCOA POWDER (PROCESSED WITH ALKALI), SOFT MARSHMALLOW BITS (SUGAR, RICE FLOUR, PALM OIL, WHEAT STARCH, CORNSTARCH, DEXTROSE, FRUCTOSE, NATURAL AND ARTIFICIAL FLAVOR, TITANIUM DIOXIDE (COLOR), CORN SYRUP SOLIDS), CONTAINS 2% OR LESS OF: INVERT SUGAR, MODIFIED CORNSTARCH, GLYCERIN, LEAVENING (BAKING SODA, SODIUM ALUMINUM PHOSPHATE, MONOCALCIUM PHOSPHATE), EMULSIFIER BLEND (MONO- AND DIGLYCERIDES, SODIUM STEAROYL LACTYLATE, POLYSORBATE 60), WHEY (MILK), NONFAT DRY MILK, POTASSIUM SORBATE (PRESERVATIVE), NATURAL AND ARTIFICIAL FLAVOR, SALT, WHEAT GLUTEN, XANTHAN GUM, GUAR GUM, SORBIC ACID (PRESERVATIVE), ENZYMES.","Croissants, Sweet Rolls, Muffins & Other Pastries",74.0,GRM,2023-04-27,United States,LI,oreo
2678649,"COCA-COLA, COLA",Coca-Cola USA Operations,COCA-COLA,04963406,"CARBONATED WATER, HIGH FRUCTOSE CORN SYRUP, CARAMEL COLOR, PHOSPHORIC ACID, NATURAL FLAVORS, CAFFEINE. ",Soda,355.0,MLT,2023-11-16,United States,LI,coca cola
1999231,"COCA-COLA FLAVORED MINTS, COCA-COLA","Ferrero U.S.A., Incorporated",TIC TAC,009800005000,"SUGAR* , DEXTROSE , RICE STARCH, COCA-COLA DRINK (WATER , SUGAR, CARAMEL COLOR , PHOSPHORIC ACID , NATURAL FLAVORS) , MALTODEXTRIN , NATURAL AND ARTIFICIAL FLAVORS , GUM ARABIC , CITRIC ACID , TARTARIC ACID , MAGNESIUM STEARATE, SHELLAC AND CARNAUBA WAX AS GLAZING AGENTS, RED 40.",Chewing Gum & Mints,5.0,g,2021-07-29,United States,LI,coca cola
2742338,"Coca-Cola Bottle, 1.25 Liters",Coca-Cola,Coca-Cola,00049000055375,"CARBONATED WATER, HIGH FRUCTOSE CORN SYRUP, CARAMEL COLOR, PHOSPHORIC ACID, NATURAL FLAVORS, CAFFEINE.",Non Alcoholic Beverages - Ready to Drink,355.0,MLT,2025-09-18,US,GDSN,coca cola
768794,"Coca-Cola Bottle, 1.75 Liters",The Coca-Cola Company-0049000000016,,00049000057942,"INGREDIENTS: CARBONATED WATER, HIGH FRUCTOSE CORN SYRUP, CARAMEL COLOR, PHOSPHORIC ACID, NATURAL FLAVORS, CAFFEINE.",Non Alcoholic Beverages  Ready to Drink,360.0,ml,2020-02-27,United States,GDSN,coca cola
2742541,"Coca-Cola Bottle, 2 Liters",Coca-Cola,Coca-Cola,00049000050103,"CARBONATED WATER, HIGH FRUCTOSE CORN SYRUP, CARAMEL COLOR, PHOSPHORIC ACID, NATURAL FLAVORS, CAFFEINE.",Non Alcoholic Beverages - Ready to Drink,355.0,MLT,2025-09-18,US,GDSN,coca cola
1459860,.75OZ DORITOS NACHO,Pepsico Inc.,Doritos,00028400027540,"Corn, Vegetable Oil (Corn, and/or Sunflower Oil), Cheddar Cheese (Milk, Cheese Cultures, Salt, Enzymes), Salt, Buttermilk, Whey Protein Concentrate, Whey, Monosodium Glutamate, Tomato Powder, Romano Cheese (Part-Skim Cow's Milk, Cheese Cultures, Salt, Enzymes), Onion Powder, Maltodextrin (Made from Corn), Natural and Artificial Flavors, Garlic Powder, Artificial Color (Including Yellow 6 Lake, Yellow 5, Yellow 6, Red 40 Lake), Dextrose, Sugar, Spice, Citric Acid, Lactic Acid, Parmesan Cheese (Milk, Cheese Cultures, Salt, Enzymes), Disodium Inosinate, and Disodium Guanylate.",Snacks,21.200000762939453,g,2021-03-19,United States,GDSN,doritos
1457601,1.37OZ DORITOS NACHO,Pepsico Inc.,Doritos,00028400021524,"Corn, Vegetable Oil (Corn, and/or Sunflower Oil), Cheddar Cheese (Milk, Cheese Cultures, Salt, Enzymes), Salt, Buttermilk, Whey Protein Concentrate, Whey, Monosodium Glutamate, Tomato Powder, Romano Cheese (Part-Skim Cow's Milk, Cheese Cultures, Salt, Enzymes), Onion Powder, Maltodextrin (Made from Corn), Natural and Artificial Flavors, Garlic Powder, Artificial Color (Including Yellow 6 Lake, Yellow 5 Lake, Yellow 6, Red 40 Lake), Dextrose, Sugar, Spice, Citric Acid, Lactic Acid, Parmesan Cheese (Milk, Cheese Cultures, Salt, Enzymes), Disodium Inosinate, and Disodium Guanylate.",Snacks,38.900001525878906,g,2021-03-19,United States,GDSN,doritos
1458737,2.12OZ DORITOS TAPATIO,Pepsico Inc.,Doritos,00028400034876,"Whole Corn, Vegetable Oil (Corn, Canola, and/or Sunflower Oil), Tapatio Seasoning (Spices, Maltodextrin [Made from Corn], Cheddar Cheese [Milk, Cheese Cultures, Salt, Enzymes], Salt, Whey, Monosodium Glutamate, Natural Flavor, Buttermilk, Romano Cheese [Part Skim Cow's Milk, Cheese Cultures, Salt, Enzymes], Whey Protein Concentrate, Onion Powder, Sodium Diacetate, Corn Oil, Citric Acid, Dextrose, Artificial Color [Including Red 40 Lake, Yellow 6, Yellow 6 Lake, Yellow 5, Blue 2 Lake], Garlic Powder, Sugar, Lactic Acid, Skim Milk, Disodium Inosinate, Disodium Guanylate, and Sunflower Oil).",Snacks,28.0,g,2021-03-19,United States,GDSN,doritos
1459536,Doritos Ranch 2.125z,Pepsico Inc.,Doritos,00028400144513,"Corn, Vegetable Oil (Sunflower, Corn and/or Canola Oil), Salt, Sodium Diacetate, Maltodextrin (Made from Corn), Skim Milk, Monosodium Glutamate, Cayenne Pepper Sauce (Aged Cayenne Red Peppers, Vinegar, Salt, Garlic), Onion Powder, Spice, Sugar, Hydrolyzed Corn Protein, Garlic Powder, Chicken Fat, Artificial Color (Red 40, Blue 1, Yellow 6, Red 40 Lake, Yellow 6 Lake, Yellow 5 Lake), Yeast Extract, Corn Syrup Solids, Butter (Cream, Salt), Natural and Artificial Flavor, Citric Acid, Milk Protein Concentrate, Chicken Broth, Chicken Powder, Disodium Inosinate, and Disodium Guanylate.",Snacks,28.0,g,2021-03-19,United States,GDSN,doritos
1458358,2.12OZ DORITOS SPICY NACHO,Pepsico Inc.,Doritos,00028400078825,"Corn, Vegetable Oil (Sunflower, Corn, and/or Canola Oil), Maltodextrin (Made from Corn), Salt, Whey, Monosodium Glutamate, Buttermilk, Romano Cheese (Cow's Milk, Cheese Cultures, Salt, Enzymes), Cheddar Cheese (Milk, Cheese Cultures, Salt, Enzymes), Corn Starch, Onion Powder, Garlic Powder, Dextrose, Natural and Artificial Flavor, Spices, Lactose, Sodium Caseinate, Artificial Color (Including Yellow 6 Lake, Red 40 Lake, Yellow 6, Red 40, Yellow 5, Blue 1), Citric Acid, Sugar, Lactic Acid, Skim Milk, Disodium Inosinate, and Disodium Guanylate.",Snacks,28.0,g,2021-03-19,United States,GDSN,doritos
2026852,NUTELLA FERRERO WITH BREADSTICKS,"Ferrero U.S.A., Incorporated",NUTELLA FERRERO,009800800124,"NUTELLA: SUGAR, PALM OIL, HAZELNUTS, COCOA, SKIM MILK, WHEY (MILK), LECITHIN AS EMULSIFIER (SOY), VANILLIN: AN ARTIFICIAL FLAVOR. BREADSTICKS: WHEAT FLOUR, PALM OIL, SALT, MALT EXTRACT, BAKER'S YEAST.",Crackers & Biscotti,52.0,g,2021-10-28,United States,LI,nutella
2560072,FILLED WITH NUTELLA CRISPY WAFER,"Ferrero U.S.A., Incorporated",NUTELLA,0009800820023,"HAZELNUT SPREAD WITH COCOA (SUGAR, PALM OIL, HAZELNUTS, SKIM MILK, COCOA, LECITHIN AS EMULSIFIER, VANILLIN: AN ARTIFICIAL FLAVOR), WHEAT FLOUR, BAKER'S YEAST, BARLEY MALT EXTRACT, SALT, SKIM MILK, LECITHIN AS EMULSIFIER, WHEAT PROTEINS, WHEY PROTEINS",Cookies & Biscuits,22.0,GRM,2023-06-29,United States,LI,nutella
2193268,"COOKIES FILLED WITH NUTELLA HAZELNUT SPREAD BISCUITS, COOKIES FILLED WITH NUTELLA HAZELNUT SPREAD","Ferrero U.S.A., Incorporated",NUTELLA,009800830022,"HAZELNUT SPREAD WITH COCOA (SUGAR, PALM OIL, HAZELNUTS, SKIM MILK, COCOA, LECITHIN AS EMULSIFIER, VANILLIN AN ARTIFICIAL FLAVOR), WHEAT FLOUR, VEGETABLE FATS (PALM, PALM KERNEL), CANE SUGAR, LACTOSE, WHEAT BRAN, MILK POWDER, BARLEYCORN MALT EXTRACT, HONEY, DISODIUM DIPHOSPHATE, SODIUM BICARBONATE AND AMMONIUM BICARBONATE AS LEAVENING AGENTS, COCOA, SALT, WHEAT STARCH, MALTED BARLEY FLOUR, LECITHIN AS EMULSIFIER, VANILLIN: AN ARTIFICIAL FLAVOR.",Cookies & Biscuits,28.0,g,2021-12-01,United States,LI,nutella
418678,"BON APPE, NUTELLA, SWIRL COOKIES",BON APPE,,773479072709,"NUTELLA (SUGAR, PALM OIL, HAZELNUTS, COCOA, SKIM MILK, WHEY, SOY LECITHIN, VANILLIN), ENRICHED FLOUR (WHEAT FLOUR, NIACIN, REDUCED IRON, ASCORBIC ACID ADDED AS A DOUGH CONDITIONER, THIAMINE MONONITRATE, RIBOFLAVIN, ENZYME, FOLIC ACID), MARGARINE (PALM OIL, WATER, CANOLA OIL, SUGAR, MONOGLYCERIDES, SOY LECITHIN, POTASSIUM SORBATE, CITRIC ACID, ARTIFICIAL FLAVOR, BETA CAROTENE, VITAMIN A VITAMIN D3), EGGS, DEXTROSE, SUGAR, FRUCTOSE, INVERT SUGAR, BROWN SUGAR, PALM OIL, SOYBEAN OIL, NATURAL FLAVOR, COCOA (PROCESSED WITH ALKALI), WATER, LEAVENING (CORN STARCH, SODIUM BICARBONATE, SODIUM ALUMINUM SULFATE, MONOCALCIUM PHOSPHATE), SALT, CITRUS FIBER, GUAR GUM, MODIFIED CORN STARCH, XANTHAN GUM",Cookies & Biscuits,28.0,g,2019-04-01,United States,LI,nutella
446248,"BON APPE, NUTELLA, GOURMET FUDGE BROWNIE",BON APPE,,773479772609,"SUGAR, NUTELLA (SUGAR, PALM OIL, HAZELNUTS, COCOA, SKIM MILK, WHEY, SOY LECITHIN, VANILLIN), ENRICHED BLEACHED FLOUR (WHEAT FLOUR, CHLORINE, NIACIN, BENZOYL PEROXIDE, REDUCED IRON, THIAMINE MONONITRATE, RIBOFLAVIN, FOLIC ACID), SOYBEAN AND/OR CANOLA OIL, EGGS, WATER, COCOA POWDER (ALKALIZED), INVERT SUGAR, SALT, ARTIFICIAL FLAVOR.","Cakes, Cupcakes, Snack Cakes",39.0,g,2019-04-01,United States,LI,nutella
1759570,"SKIPPY, PEANUT BUTTER",Hormel Foods Corporation ,SKIPPY,037600309806,"ROASTED PEANUTS, SUGAR, HYDROGENATED VEGETABLE OIL (COTTONSEED, SOYBEAN AND RAPESEED OIL) TO PREVENT SEPARATION, SALT.",Nut & Seed Butters,32.0,g,2021-06-17,United States,LI,skippy
1873435,"SKIPPY, P.B. BITES PRETZEL",Hormel Foods Corporation ,SKIPPY,037600739894,"PEANUT BUTTER COATING (PALM KERNEL OIL, PEANUTS, SUGAR, NONFAT MILK, PEANUT BUTTER [ROASTED PEANUTS, SUGAR, HYDROGENATED VEGETABLE OIL {COTTONSEED, SOYBEAN, RAPESEED}, SALT], WHEY PROTEIN CONCENTRATE, DEXTROSE, MONO- AND DIGLYCERIDES, SALT, SOY LECITHIN), PRETZELS (ENRICHED WHEAT FLOUR [WHEAT FLOUR, NIACIN, REDUCED IRON, THIAMINE MONONITRATE, RIBOFLAVIN, FOLIC ACID], VEGETABLE OIL [CORN CANOLA, COTTONSEED, AND/OR SOYBEAN], SALT, MALT OR CORN SYRUP, SODIUM BICARBONATE, YEAST)","Popcorn, Peanuts, Seeds & Related Snacks",30.0,g,2021-07-29,United States,LI,skippy
2008989,"SKIPPY, PEANUT BUTTER SPREAD WITH HONEY",Unilever Bestfoods North America,SKIPPY,048001159945,"PEANUT BUTTER, SPREAD (ROASTED PEANUTS, PALM OIL, PEANUT OIL, SALT), SUGAR, HONEY.",Nut & Seed Butters,32.0,g,2021-10-28,United States,LI,skippy
2010337,"SKIPPY, NATURAL PEANUT BUTTER SPREAD WITH HONEY",Unilever Bestfoods North America,SKIPPY,048001094307,"PEANUT BUTTER SPREAD (ROASTED PEANUTS, PALM OIL, PEANUT OIL, SALT), SUGAR, HONEY.",Nut & Seed Butters,32.0,g,2021-10-28,United States,LI,skippy
1851232,"SKIPPY, PEANUT BUTTER SPREAD, CREAMY, CREAMY",Unilever Bestfoods North America,SKIPPY,048001212107,"ROASTED PEANUTS, SUGAR, PALM OIL, SALT.",Nut & Seed Butters,32.0,g,2021-07-29,United States,LI,skippy
1624854,"HEINZ, TOMATO KETCHUP",Kraft Heinz Foods Company,HEINZ,01311501,"TOMATO CONCENTRATE FROM RED RIPE TOMATOES, DISTILLED VINEGAR, HIGH FRUCTOSE CORN SYRUP, CORN SYRUP, SALT, SPICE, ONION POWDER, NATURAL FLAVORING.","Ketchup, Mustard, BBQ & Cheese Sauce",17.0,g,2021-03-19,United States,LI,heinz ketchup
1850762,"POTATO CHIPS, HEINZ KETCHUP",Herr Foods Inc.,HERR'S,072600008137,"CHOICE POTATOES COOKED IN VEGETABLE OIL (CONTAINS ONE OF THE FOLLOWING: CORN, COTTONSEED, SOYBEAN), WITH SALT ADDED. NO PRESERVATIVES ADDED. SEASONING: SUGAR, TOMATO POWDER, FRUCTOSE, MONOSODIUM GLUTAMATE, SALT, ONION, MALIC ACID, SODIUM ACETATE, FD&C RED NO. 40 LAKE, CARAMEL COLOR, GUM ARABIC, EXTRACTIVES OF PAPRIKA, NATURAL FLAVOR, SILICON DIOXIDE (AS ANTICAKING AGENT).","Chips, Pretzels & Snacks",28.0,g,2021-07-29,United States,LI,heinz ketchup
2088784,"HEINZ, TOMATO KETCHUP, HOT & SPICY","Original Chili Co., Inc.",HEINZ,01508796,"HEINZ TOMATO KETCHUP (TOMATO CONCENTRATE FROM RED RIPE TOMATOES, DISTILLED VINEGAR, HIGH FRUCTOSE CORN SYRUP, CORN SYRUP, SALT, SPICE, ONION POWDER, NATURAL FLAVORING), TABASCO BRAND PEPPER SAUCE (DISTILLED VINEGAR, RED PEPPER, SALT), NATURAL FLAVORING.","Ketchup, Mustard, BBQ & Cheese Sauce",17.0,g,2021-10-28,United States,LI,heinz ketchup
2560353,"HEINZ TOMATO KETCHUP, 20 OZ",Kraft Heinz Foods Company,HEINZ,0013000006408,"TOMATO CONCENTRATE FROM RED RIPE TOMATOES, DISTILLED VINEGAR, HIGH FRUCTOSE CORN SYRUP, CORN SYRUP, SALT, SPICE, ONION POWDER, NATURAL FLAVORING",Tomatoes,17.0,GRM,2023-06-29,United States,LI,heinz ketchup
2560352,"HEINZ TOMATO KETCHUP, 32 OZ BOTTLE",Kraft Heinz Foods Company,HEINZ,0013000006057,"TOMATO CONCENTRATE FROM RED RIPE TOMATOES, DISTILLED VINEGAR, HIGH FRUCTOSE CORN SYRUP, CORN SYRUP, SALT, SPICE, ONION POWDER, NATURAL FLAVORING","Seasoning Mixes, Salts, Marinades & Tenderizers",17.0,GRM,2023-06-29,United States,LI,heinz ketchup
2509629,"CHOBANI, MEZE DIP THREE-PEPPER SALSA","Chobani, Inc.",CHOBANI,818290014085,"YOGURT (CULTURED PASTEURIZED NONFAT MILK, CREAM), WATER, GREEN BELL PEPPERS, GREEN CHILI PEPPERS, ONIONS, TOMATO JUICE CONCENTRATE, JALPENO PEPPERS, SEA SALT, EVAPORATED CANE JUICE, TAPIOCA FLOUR, CILANTRO, PECTIN, GAUR GUM, LIME JUICE CONCENTRATE PAPRIKA (FOR COLOR), NATURAL FLAVOR. CONTAINS LIVE AND ACTIVE CULTURES. S. THERMOPHILUS, L.BULGARICUS, L. ACIDOPHIUS, BIFIDUS AND L.CASEI.",Dips & Salsa,28.0,MG,2023-03-16,United States,LI,chobani
2082287,"CHOBANI, SIMPLY 100, GREEK YOGURT, KEY LIME","Chobani, Inc.",CHOBANI,818290013903,"INGREDIENTS: NONFAT YOGURT (CULTURED PASTEURIZED NONFAT MILK, LIVE AND ACTIVE CULTURES S. THERMOPHILIS, L. BULGARICUS, L, ACIDOPHILUS, BIFIDUS AND L. CASEI), CHICORY ROOT FIBER, WATER, EVAPORATED CANE JUICE, KEY LIME PUREE, NATURAL FLAVORS, KEY LIME JUICE CONCENTRATE, KEY LIME PEEL, LOCUST BEAN GUM, PECTIN, GUAR GUM, MONK FRUIT EXTRACT, FRUIT JUICE CONCENTRATE AND TURMERIC (FOR COLOR), STEVIA LEAF EXTRACT",Yogurt,150.0,g,2021-10-28,United States,LI,chobani
1851216,"CHOBANI, GREEK OATS YOGURT, BANANA MAPLE, BANANA MAPLE","Chobani, Inc.",CHOBANI,818290013927,"LOWFAT YOGURT (CULTURED PASTEURIZED NONFAT MILK, CREAM, LIVE AND ACTIVE CULTURES: S. THERMOPHILUS, L. BULGARICUS, L. ACIDOPHILUS, BIFIDUS AND L. CASEI), WATER, EVAPORATED CANE JUICE, BANANAS, STEEL-CUT OATS, OAT FIBER, MAPLE SYRUP, PECTIN, LEMON JUICE CONCENTRATE, NATURAL FLAVORS, LOCUS BEAN GUM.",Yogurt,150.0,g,2021-07-29,United States,LI,chobani
2185654,"CHOBANI, FLIP, GREEK LOW-FAT YOGURT, CLOVER HONEY, CLOVER HONEY","Chobani, Inc.",CHOBANI,818290013606,"LOWFAT YOGURT (CULTURED PASTEURIZED NONFAT MILK, CREAM, LIVE AND ACTIVE CULTURES, S. THERMOPHILUS, L. BULGARICUS, L. ACIDOPHILUS, BIFIDUS AND L. CASEI), HONEY. ",Yogurt,150.0,g,2021-12-01,United States,LI,chobani
2196105,"BERRY PARFAIT, DOUBLEBERRY CRUNCH FRESH BLUEBERRIES, NONFAT STRAWBERRY GREEK YOGURT & GRANOLA, DOUBLEBERRY CRUNCH","Naturipe Farms, LLC",NATURIPE SNACKS,812049002224,"GREEK YOGURT (CULTURED NONFAT MILK, CANE SUGAR, STRAWBERRIES, WATER, NATURAL FLAVORS, FRUIT PECTIN, LOCUST BEAN GUM, FRUIT AND VEGETABLE JUICE CONCENTRATE (FOR COLOR), GUAR GUM, LEMON JUICE CONCENTRATE), BLUEBERRIES, GRANOLA (WHOLE ROLLED OATS, MILLED CANE SUGAR, EXPELLER PRESSED CANOLA OIL, RICE FLOUR, CORNSTARCH, ALMONDS, HONEY, SALT, NATURAL FLAVOR, BARLEY MALT SYRUP, HERB BLEND [SUGAR, CARDAMOM, FENNEL SEED, FENUGREEK, NUTMEG]).",Yogurt,170.0,g,2021-12-01,United States,LI,chobani
2507658,"CLIF BAR, CLIF KIT'S ORGANIC, FRUIT + NUT BAR, CASHEW, CLIF BAR, CLIF KIT'S ORGANIC, FRUIT + NUT BAR, CASHEW",Clif Bar and Company,CLIF BAR,722252014214,"ORGANIC DATES, ORGANIC CASHEWS, ORGANIC ALMONDS, SEA SALT","Snack, Energy & Granola Bars",46.0,MG,2023-03-16,United States,LI,clif bar
2586176,"CLIF BAR, CLIF KIT'S ORGANIC, FRUIT + NUT BAR, PEANUT BUTTER, CLIF BAR, CLIF KIT'S ORGANIC, FRUIT + NUT BAR, PEANUT BUTTER",Clif Bar and Company,CLIF BAR,722252014191,"ORGANIC DATES, ORGANIC PEANUTS, ORGANIC ALMONDS, SEA SALT","Snack, Energy & Granola Bars",50.0,GRM,2023-06-29,United States,LI,clif bar
2586177,"CLIF BAR, CLIF KIT'S ORGANIC, FRUIT + NUT BAR, CHOCOLATE ALMOND COCONUT, CLIF BAR, CLIF KIT'S ORGANIC, FRUIT + NUT BAR, CHOCOLATE ALMOND COCONUT",Clif Bar and Company,CLIF BAR,722252014221,"ORGANIC DATES, ORGANIC ALMONDS, ORGANIC UNSWEETENED CHOCOLATE, ORGANIC COCONUT, ORGANIC VIRGIN COCONUT OIL, SEA SALT. ","Snack, Energy & Granola Bars",48.0,GRM,2023-06-29,United States,LI,clif bar
2586187,"CLIF BAR, CLIF KIT'S ORGANIC, FRUIT + SEED BAR, CHERRY + PUMPKIN SEEDS, CLIF BAR, CLIF KIT'S ORGANIC, FRUIT + SEED BAR, CHERRY + PUMPKIN SEEDS",Clif Bar and Company,CLIF BAR,722252143228,"ORGANIC DATES, ORGANIC PUMPKIN SEEDS, ORGANIC CHERRIES, ORGANIC APPLES, SEA SALT, ORGANIC ROSEMARY EXTRACT","Snack, Energy & Granola Bars",49.0,GRM,2023-06-29,United States,LI,clif bar
2507678,"CLIF BAR, CLIF MOJO, SWEET & SALTY TRAIL MIX BAR, MOUNTAIN MIX, CLIF BAR, CLIF MOJO, SWEET & SALTY TRAIL MIX BAR, MOUNTAIN MIX",Clif Bar and Company,CLIF BAR,722252105615,"ORGANIC BROWN RICE SYRUP, SOY RICE CRISPS(SOY PROTEIN ISOLATE, ORGANIC RICE FLOUR, CALCIUM CARBONATE), ORGANIC PEANUTS, ORGANIC RAISINS, ALMONDS, ORGANIC CHOCOLATE CHIPS(ORGANIC DRIED CANE SYRUP, ORGANIC UNSWEETENED CHOCOLATE, ORGANIC COCOA BUTTER, SOY LECITHIN, NATURAL FLAVORS), ORGANIC PRETZELS(ORGANIC WHEAT FLOUR, SALT, ORGANIC CANOLA OIL, ORGANIC MALT), ORGANIC PEANUT BUTTER, ORGANIC ROASTED SOYBEANS, PUMPKIN SEEDS, SUNFLOWER SEEDS, ORGANIC OAT SYRUP SOLIDS, VEGETABLE GLYCERIN, ORGANIC SUNFLOWER OIL, SEA SALT, ORGANIC GUM ARABIC, NATURAL VITAMIN E(ANTI-OXIDANT). ","Snack, Energy & Granola Bars",45.0,MG,2023-03-16,United States,LI,clif bar
1935729,FROSTED FLAKES,"Wegmans Food Markets, Inc. ",WEGMANS,077890383445,"MILLED CORN, SUGAR, CONTAINS 2% OR LESS OF: SALT, MALT EXTRACT, CORN SYRUP, WHEAT STARCH. VITAMINS & MINERALS: THIAMIN MONONITRATE (VITAMIN B1), RIBOFLAVIN (VITAMIN B2), NIACIN (NIACINAMIDE), PYRIDOXINE HYDROCHLORIDE (VITAMIN B6), FOLIC ACID, VITAMIN B12, VITAMIN A PALMITATE, SODIUM ASCORBATE (VITAMIN C), VITAMIN D, REDUCED IRON.",Cereal,31.0,g,2021-07-29,United States,LI,frosted flakes
2009627,FROSTED FLAKES,Gilster Marylee  C/o Ko-Pak Inc.,CLOVER VALLEY,076924569015,"DEGERMED YELLOW CORN MEAL, SUGAR, SALT, MALT EXTRACT, VITAMIN C (SODIUM ASCORBATE, ASCORBIC ACID), IRON (FERROUS FUMARATE), VITAMIN A (PALMITATE), NIACINAMIDE, VITAMIN B1 (THIAMINE MONONITRATE), VITAMIN B6 (PYRIDOXINE HYDROCHLORIDE), VITAMIN B2 (RIBOFLAVIN), VITAMIN D (CHOLECALCIFEROL), FOLIC ACID, VIAMIN B12 (CYANOCOBALAMIN), BHT ADDED TO PACKAGING TO HELP PRESERVE FRESHNESS.",Cereal,31.0,g,2021-10-28,United States,LI,frosted flakes
2500512,FROSTED FLAKES,"Post Consumer Brands, LLC",MOM BRANDS,042400215868,"MILLED CORN, SUGAR, CONTAINS 2% OR LESS OF: SALT, MALT EXTRACT, CORN SYRUP, WHEAT STARCH. VITAMINS & MINERALS: VITAMIN B1 (THIAMIN MONONITRATE), VITAMIN B2 (RIBOFLAVIN), NIACIN (NIACINAMIDE), VITAMIN B6 (PYRIDOXINE HYDROCHLORIDE), FOLIC ACID, VITAMIN B12, VITAMIN A PALMITATE, VITAMIN C (SODIUM ASCORBATE), VITAMIN D, REDUCED IRON.",Cereal,56.0,IU,2023-03-16,United States,LI,frosted flakes
2621922,FROSTED FLAKES,"Post Consumer Brands, LLC",MOM BRANDS,042400910787,"MILLED CORN, SUGAR, CONTAINS 2% OR LESS OF: SALT, MALT EXTRACT, CORN SYRUP, WHEAT STARCH. VITAMINS & MINERALS: VITAMIN B1 (THIAMIN MONONITRATE), VITAMIN B2 (RIBOFLAVIN), NIACIN (NIACINAMIDE), VITAMIN B6 (PYRIDOXINE HYDROCHLORIDE), FOLIC ACID, VITAMIN B12, VITAMIN A PALMITATE, VITAMIN C (SODIUM ASCORBATE), VITAMIN D, REDUCED IRON.",Cereal,31.0,GRM,2023-08-31,United States,LI,frosted flakes
2015663,FROSTED FLAKES,"Whole Foods Market, Inc.",365 EVERYDAY VALUE,099482438999,"ORGANIC MILLED CORN, ORGANIC CANE SUGAR, SEA SALT.",Cereal,40.0,g,2021-10-28,United States,LI,frosted flakes
2595408,"QUAKER OAT FLOUR, 20 OZ",The Quaker Oats Company,QUAKER,0030000575918,WHOLE GRAIN OAT FLOUR,Flours & Corn Meal,30.0,GRM,2023-07-13,United States,LI,quaker oats
2595409,"QUAKER OAT FLOUR, 64 OZ",The Quaker Oats Company,QUAKER,0030000575932,WHOLE GRAIN OAT FLOUR,Flours & Corn Meal,30.0,GRM,2023-07-13,United States,LI,quaker oats
2723877,Quaker Oats Old Fashioned 42 Oz,PepsiCo Inc. Brand Owner,Quaker,00030000010402,Whole Grain Rolled Oats.,Grains/Flour,40.0,GRM,2025-03-20,United States,GDSN,quaker oats
2741705,Quaker Old Fashioned Oats 42 Oz,PepsiCo Inc. Brand Owner,Quaker,00030000432938,WHOLE GRAIN ROLLED OATS.,Grains/Flour,40.0,GRM,2025-08-21,US,GDSN,quaker oats
2703223,Quaker Kettle Hearty Oats 47 Oz,PepsiCo Inc. Brand Owner,Quaker,00030000432693,Whole Grain Rolled Oats.,Processed Cereal Products,40.0,GRM,2024-08-15,United States,GDSN,quaker oats
2016665,"ACADEMIA BARILLA, FARFALLE BARILLA PASTA",Barilla G & R F.Lli S.P.A.,ACADEMIA BARILLA,076808004274,"SEMOLINA (WHEAT), DURUM WHEAT FLOUR, NIACIN, IRON (FERROUS LACTATE), THIAMINE MONONITRATE, RIBOFLAVIN, FOLIC ACID.",Pasta by Shape & Type,56.0,g,2021-10-28,United States,LI,barilla pasta
2019806,"BARILLA, PASTA, ROTINI",Barilla G & R F.Lli S.P.A.,BARILLA,076808534122,WHOLE GRAIN DURUM WHEAT FLOUR.,Pasta by Shape & Type,56.0,g,2021-10-28,United States,LI,barilla pasta
2634359,"BARILLA, ORGANIC, PENNE PASTA",Barilla G & R F.Lli S.P.A.,BARILLA,076808006568,"ORGANIC SEMOLINA (WHEAT), ORGANIC DURUM WHEAT FLOUR. VITAMINS/MINERALS: VITAMIN B3 (NIACIN), IRON (FERROUS SULFATE), VITAMIN B1 (THIAMINE MONONITRATE), VITAMIN B2 (RIBOFLAVIN), FOLIC ACID.",Pasta by Shape & Type,56.0,GRM,2023-09-14,United States,LI,barilla pasta
2634360,"BARILLA, ORGANIC, SPAGHETTI PASTA",Barilla G & R F.Lli S.P.A.,BARILLA,076808006575,"ORGANIC SEMOLINA (WHEAT), ORGANIC DURUM WHEAT FLOUR. VITAMINS/MINERALS: VITAMIN B3 (NIACIN), IRON (FERROUS SULFATE), VITAMIN B1 (THIAMINE MONONITRATE), VITAMIN B2 (RIBOFLAVIN), FOLIC ACID.",Pasta by Shape & Type,56.0,GRM,2023-09-14,United States,LI,barilla pasta
2019807,"BARILLA, WHOLE WHEAT PASTA",Barilla G & R F.Lli S.P.A.,BARILLA,076808000283,WHOLE GRAIN DURUM WHEAT FLOUR.,Pasta by Shape & Type,56.0,g,2021-10-28,United States,LI,barilla pasta
1455998,CAMPBELL'S SOUP DISCONTINUED,CAMPBELL SOUP COMPANY,CAMPBELL'S,00051000128959,"INGREDIENTS: CHICKEN STOCK, ENRICHED PASTA (WHEAT FLOUR, EGG WHITES, NIACIN, FERROUS SULFATE, THIAMINE MONONITRATE, RIBOFLAVIN, FOLIC ACID), CHICKEN MEAT, CONTAINS LESS THAN 2% OF: CARROT PUREE, CHICKEN FAT, SALT, WATER, CORNSTARCH, FLAVORING, YEAST EXTRACT, MODIFIED FOOD STARCH, CHICKEN BROTH*, CANE SUGAR, ONIONS*, SOY PROTEIN ISOLATE, SODIUM PHOSPHATE, CHICKEN*, ONION EXTRACT, GARLIC EXTRACT. *DEHYDRATED",Prepared Soups,120.0,ml,2021-03-19,United States,GDSN,campbell soup
756994,CAMPBELL'S SOUP LENTIL,CAMPBELL SOUP COMPANY,,00051000219275,"INGREDIENTS: VEGETABLE STOCK* (WATER, CARROTS*, ONIONS*, CELERY*), WATER, GREEN LENTILS*, TOMATO PUREE* (WATER, TOMATO PASTE*), CARROTS*, RED PEPPERS*, CELERY*, KALE*, DICED TOMATOES* IN TOMATO JUICE*, CONTAINS LESS THAN 2% OF: DEHYDRATED ONIONS*, POTATO STARCH*, GARLIC*, SUGAR*, SEA SALT, TAPIOCA STARCH*, LEMON JUICE CONCENTRATE*, SPICE*, MOLASSES*, YEAST EXTRACT*, PAPRIKA*, DEHYDRATED CARROT*, POTATO FLOUR*, DEHYDRATED GARLIC*, LACTIC ACID, CELERY SEED OIL FLAVOR, ONION EXTRACT*, CELERY SEED*, BLACK PEPPER OIL*, CANOLA OIL*.        *CERTIFIED ORGANIC.",Prepared Soups,240.0,ml,2020-02-27,United States,GDSN,campbell soup
757014,CAMPBELL'S SOUP STEAK,CAMPBELL SOUP COMPANY,,00051000141996,"INGREDIENTS: WATER, SALISBURY STEAK (BEEF, WATER, DEHYDRATED ONION, FLAVORING, SALT, CARAMEL COLOR), CARROTS, POTATOES, MUSHROOMS, TOMATO PUREE (WATER, TOMATO PASTE), CELERY, MODIFIED CORN STARCH, CONTAINS LESS THAN 2% OF: GREEN PEPPERS, WHEAT FLOUR, DEHYDRATED ONIONS, SUGAR, SALT, MONOSODIUM GLUTAMATE, BEEF BROTH, BEEF STOCK, YEAST EXTRACT, BEEF, DEHYDRATED GARLIC, FLAVORING, SPICE, BEEF FAT, CARAMEL COLOR, LACTIC ACID.",Prepared Soups,240.0,ml,2020-02-27,United States,GDSN,campbell soup
772068,CAMPBELL'S SOUP TOMATO,CAMPBELL SOUP COMPANY,,00051000245236,"INGREDIENTS: TOMATOES, WHEAT FLOUR, SUGAR, CONTAINS LESS THAN 2% OF: ONIONS, COCONUT OIL, SALT, BUTTER (CREAM [MILK], SALT), CITRIC ACID, CELERY EXTRACT, ALLSPICE EXTRACT, BLACK PEPPER EXTRACT, CAPSICUM EXTRACT, CLOVE OIL, PIMENTO LEAF OIL, PARSLEY OIL, THYME OIL, LAUREL LEAF OIL, GARLIC OIL.",Prepared Soups,245.0,g,2020-02-27,United States,GDSN,campbell soup
1461470,CAMPBELL'S SOUP TOMATO,CAMPBELL SOUP COMPANY,CAMPBELL'S,00051000268099,"INGREDIENTS: TOMATO PUREE (WATER, TOMATO PASTE), HIGH FRUCTOSE CORN SYRUP, WHEAT FLOUR, WATER, CONTAINS LESS THAN 2% OF: SALT, POTASSIUM CHLORIDE, FLAVORING, CITRIC ACID, LOWER SODIUM NATURAL SEA SALT, ASCORBIC ACID (VITAMIN C), MONOPOTASSIUM PHOSPHATE, CELERY EXTRACT, GARLIC OIL.",Prepared Soups,120.0,ml,2021-03-19,United States,GDSN,campbell soup
2656854,DIET PEPSI DRINK MIX,Numerex Corp,SODASTREAM,0811572027667,"WATER, CARAMEL COLOR, SODIUM CITRATE, PHOSPHORIC ACID, SUCRALOSE, NATURAL FLAVOR, ACESULFAME POTASSIUM, CAFFEINE, CITRIC ACID, SODIUM BENZOATE (PRESERVES FRESHNESS)",Soda,360.0,MLT,2023-10-26,United States,LI,pepsi
2547556,"MARSHMALLOW FLAVORED PEPSI, MARSHMALLOW",Pepsi-Cola North America Inc.,PEEPS,012000222412,"CARBONATED WATER, HIGH FRUCTOSE CORN SYRUP, NATURAL FLAVOR, CARAMEL COLOR, PHOSPHORIC ACID, CAFFEINE, CITRIC ACID.",Soda,222.0,MLT,2023-05-25,United States,LI,pepsi
2657904,"PEPSI SODA, 500 ML",Pepsi-Cola North America Inc.,PEPSI,0012000813603,"CARBONATED WATER, HIGH FRUCTOSE CORN SYRUP, CARAMEL COLOR, SUGAR, PHOSPHORIC ACID, CAFFEINE, CITRIC ACID, NATURAL FLAVOR",Soda,500.0,MLT,2023-10-26,United States,LI,pepsi
2560246,"A SPLASH OF MANGO FLAVOR PEPSI, MANGO",Pepsi-Cola North America Inc.,PEPSI,0012000206085,"CARBONATED WATER, HIGH FRUCTOSE CORN SYRUP, CLARIFIED MANGO JUICE CONCENTRATE, CARAMEL COLOR, SODIUM POLYPHOSPHATES (TO PROTECT FLAVOR), PHOSPHORIC ACID, NATURAL FLAVOR, POTASSIUM SORBATE (PRESERVES FRESHNESS), CAFFEINE, GUM ARABIC, CITRIC ACID, CALCIUM DISODIUM EDTA (TO PROTECT FLAVOR)",Soda,500.0,MLT,2023-06-29,United States,LI,pepsi
2653655,"PEPSI SODA, 12 FL OZ",Pepsi-Cola North America Inc.,PEPSI,0012000910074,"CARBONATED WATER, HIGH FRUCTOSE CORN SYRUP, CARAMEL COLOR, SUGAR, PHOSPHORIC ACID, CAFFEINE, CITRIC ACID, NATURAL FLAVOR",Soda,355.0,MLT,2023-10-26,United States,LI,pepsi
2667092,"M&M'S MINIS, M&M'S",Brownie Brittle LLC,BROWNIE BRITTLE,711747012897,"BLONDIE BRITTLE MIX (PATENT FLOUR [BLEACHED WHEAT FLOUR, MALTED BARLEY FLOUR, NIACIN, REDUCED IRON, POTASSIUM BROMATE, THIAMIN MONONITRATE, RIBOFLAVIN, FOLIC ACID]), SUGAR, PALM SHORTENING, BROWN BUTTER, WHEY POWDER (MILK), NATURAL VANILLA FLAVOR, MOLASSES, WHOLE EGG POWDER, BAKING SODA), M&M'S MINIS MILK CHOCOLATE BAKING BITS (MILK CHOCOLATE [SUGAR, CHOCOLATE, SKIM MILK, COCOA BUTTER, LACTOSE, MILKFAT, SOY LECITHIN, SALT, NATURAL FLAVORS]), CORNSTARCH, CORN SYRUP, DEXTRIN, COLORS (INCLUDES BLUE 1 LAKE, RED 40, YELLOW 6, YELLOW 5, BLUE 1, RED 40 LAKE, YELLOW 6 LAKE, YELLOW 5 LAKE, BLUE 2 LAKE, BLUE 2), CARNAUBA WAX, GUM ACACIA.",Candy,28.0,GRM,2023-11-16,United States,LI,m&m
2418796,"MINI M&M COOKIES M&M BAKING BITS, MINI M&M",Jerry's Enterprises Inc.,CUB,029341001620,"BLEACHED WHEAT FLOUR., CANOLA & PALM OIL, MILK CHOCOLATE(SUGAR,CHOCOLATE,SKIM MILK,COCOA BUTTER, LACTOSE, MILKFAT,SOY LECITHIN,SALT,ARTIFICIAL AND NATURAL FLAVORS), SUGAR,LESS THAN 2% - COLORING(INCLUDES BLUE 1 LAKE,RED 40, YELLOW 6,YELLOW 5,BLUE 1, RED 40 LAKE,YELLOW 6 LAKE,YELLOW 5 LAKE,BLUE 2 LAKE,BLUE 2),CORN SYRUP, DEXTRIN,CORNSTARCH,CARNAUBA WAX., BROWN SUGAR (SUGAR, MOLASSES), GRANULATED SUGAR, WHOLE EGGS, SALT, SODIUM BICARBONATE., DEXTROSE,CORN STARCH,LESS THAN 0.1% TURMERIC, LESS THAN 0.1% APO CAROTENAL,ALCOHOL, NATURAL MIXED TOCOPHEROLS, A NATURAL SOURCE OF VITAMIN E USED TO PROTECT FRESHNESS.",Cookies & Biscuits,35.720001220703125,g,2022-12-22,United States,LI,m&m
1898075,M&M'S MINIS,"Wegmans Food Markets, Inc. ",WEGMANS,077890364062,"MILK CHOCOLATE (SUGAR, CHOCOLATE, COCOA BUTTER, LACTOSE, MILK FAT, SOY LECITHIN, SALT, ARTIFICIAL FLAVOR), SUGAR, LESS THAN 2% - COLORS (FD&C BLUE #1 LAKE, RED #40, YELLOW #6, YELLOW #5, BLUE #1, YELLOW #5 LAKE, RED #40 LAKE, YELLOW #6 LAKE, BLUE #2 LAKE, BLUE #2), DEXTRIN, CORN SYRUP, CORNSTARCH.",Candy,14.0,g,2021-07-29,United States,LI,m&m
2591952,"SUGAR COOKIES MADE WITH M&M'S, SUGAR MADE WITH M&M'S",Target Stores,FAVORITE DAY,085239968710,"BLEACHED WHEAT FLOUR, SUGAR, ENRICHED WHEAT FLOUR (WHEAT FLOUR, MALTED BARLEY FLOUR, NIACIN, REDUCED IRON, THIAMINE MONONITRATE, RIBOFLAVIN, FOLIC ACID), M&M'S MILK CHOCOLATE CANDIES GHOUL BLEND (MILK CHOCOLATE [SUGAR, CHOCOLATE, SKIM MILK, COCOA BUTTER, LACTOSE, MILKFAT, SOY LECITHIN, SALT, NATURAL FLAVOR], SUGAR, CORNSTARCH, LESS THAN 1% OF - CORN SYRUP, DEXTRIN, COLORS [INCLUDES YELLOW 6, YELLOW 5, BLUE 1, YELLOW 6 LAKE, YELLOW 5 LAKE, BLUE 1 LAKE, RED 40, RED 40 LAKE, BLUE 2 LAKE, BLUE 2], CARNAUBA WAX, GUM ACACIA), SHORTENING (PALM OIL), MARGARINE (PALM OIL, WATER, CONTAINS 2% OR LESS OF SALT, VEGETABLE MONO- AND DIGLYCERIDES, NATURAL FLAVOR, CITRIC ACID [PRESERVATIVE], BETA CAROTENE [COLOR], VITAMIN A PALMITATE), BUTTER (CREAM, NATURAL FLAVORING), FRUCTOSE, WATER, INVERT SUGAR, CONTAINS LESS THAN 2% OF BAKING SODA, CORN STARCH, EGGS, NATURAL FLAVORS (MILK), SALT, SOY LECITHIN.",Cookies & Biscuits,32.0,GRM,2023-06-29,United States,LI,m&m
2659226,"SUGAR COOKIES MADE WITH M&M'S, SUGAR MADE WITH M&M'S",Target Stores,FAVORITE DAY,085239970119,"WHEAT FLOUR, SUGAR, M&M'S MILK CHOCOLATE CANDIES, (MILK CHOCOLATE [SUGAR, CHOCOLATE, SKIM MILK, COCOA BUTTER, LACTOSE, MILKFAT, SOY LECITHIN [AN EMULSIFIER], SALT, ARTIFICIAL FLAVOR AND NATURAL FLAVORS], SUGAR, CORNSTARCH, LESS THAN 1% CORN SYRUP DEXTRIN, COLORING [INCLUDES BLUE 1 LAKE, YELLOW 6, RED 40, YELLOW 5 BLUE 1, YELLOW 6 LAKE, RED 40 LAKE, YELLOW 5 LAKE, BLUE 2 LAKE, BLUE 2], CARNAUBA WAX, GUM ACACIA), MARGARINE (VEGETABLE OIL [CANOLA COTTONSEED AND/OR SOYBEAN OIL], PALM OIL, WATER, SALT, MONO- AND DIGLYCERIDES [MONO-AND DIGLYCERIDES, TOCOPHEROLS, ASCORBIC ACID CITRIC ACID (ANTIOXIDANTS)], SOY LECITHIN [AN EMULSIFIER], NATURAL FLAVOR, ANNATTO EXTRACT [COLOR], TURMERIC OLEORESIN [COLOR] VITAMIN A PALMITATE), EGGS, INVERT SYRUP, FRUCTOSE, NATURAL VANILLA FLAVOR, WATER, BAKING POWDER (SODIUM ACID PYROPHOSPHATE, BAKING SODA, CORN STARCH, MONOCALCIUM PHOSPHATE), BAKING SODA, SALT.",Cookies & Biscuits,35.0,GRM,2023-10-26,United States,LI,m&m
1644418,HERSHEY'S MINIATURES,The Hershey Company,HERSHEY'S,034000213917,"SUGAR; CHOCOLATE; COCOA BUTTER; PEANUTS; NONFAT MILK; MILK; MILK FAT; CRISP RICE (RICE FLOUR; SUGAR; MALT EXTRACT; SALT; MONOGLYCERIDES; TOCOPHEROLS, TO MAINTAIN FRESHNESS); CONTAINS 2% OR LESS OF: COCOA PROCESSED WITH ALKALI; LACTOSE (MILK); SOY LECITHIN; PGPR, EMULSIFIER; SALT; ARTIFICIAL FLAVOR.",Chocolate,43.0,g,2021-03-19,United States,LI,hershey
1643397,"HERSHEY'S, COOKIES'N'CREAM",The Hershey Company,HERSHEY'S,034000070589,"SUGAR; VEGETABLE OIL (COCOA BUTTER, PALM, SHEA, SUNFLOWER AND/OR SAFFLOWER OIL); NONFAT MILK; CORN SYRUP SOLIDS; ENRICHED WHEAT FLOUR (FLOUR, NIACIN, FERROUS SULFATE, THIAMIN MONONITRATE, RIBOFLAVIN, AND FOLIC ACID); MILK FAT; PARTIALLY HYDROGENATED VEGETABLE OIL (SOYBEAN AND/OR COTTONSEED OIL); CONTAINS 2% OR LESS OF: COCOA PROCESSED WITH ALKALI; WHEY (MILK); CHOCOLATE; SOY LECITHIN; HIGH FRUCTOSE CORN SYRUP; SODIUM BICARBONATE; SALT; NATURAL AND ARTIFICIAL FLAVOR; TOCOPHEROLS, TO MAINTAIN FRESHNESS; PGPR, EMULSIFIER; CARAMEL COLOR.",Chocolate,38.0,g,2021-03-19,United States,LI,hershey
2618736,"HERSHEY'S, MINIATURES",The Hershey Company,HERSHEY'S,034000213948,"SUGAR; CHOCOLATE; COCOA BUTTER; PEANUTS; NONFAT MILK; MILK; MILK FAT; CRISP RICE (RICE FLOUR; SUGAR; MALT EXTRACT; SALT; MONOGLYCERIDES; TOCOPHEROLS, TO MAINTAIN FRESHNESS); CONTAINS 2% OR LESS OF: COCOA PROCESSED WITH ALKALI; LACTOSE (MILK); SOY LECITHIN; PGPR, EMULSIFIER; SALT; ARTIFICIAL FLAVOR.",Chocolate,43.0,GRM,2023-08-31,United States,LI,hershey
1646599,"HERSHEY'S, MINIATURES",The Hershey Company,HERSHEY'S,034000213030,SUGAR; CHOCOLATE; COCOA BUTTER; PEANUTS; MILK; NONFAT MILK; MILK FAT; RICE FLOUR; CONTAINS 2% OR LESS OF: COCOA PROCESSED WITH ALKALI; LECITHIN (SOY); PGPR (EMULSIFIER); LACTOSE (MILK); SALT; MALT EXTRACT; MONOGLYCERIDES; NATURAL AND ARTIFICIAL FLAVORS.,Chocolate,43.0,g,2021-03-19,United States,LI,hershey
1643415,"HERSHEY'S, MINIATURES",The Hershey Company,HERSHEY'S,034000213788,"SUGAR; COCOA BUTTER; CHOCOLATE; PEANUTS; MILK; NONFAT MILK; RICE FLOUR; MILK FAT; CONTAINS 2% OR LESS OF: LECITHIN (SOY); PGPR, EMULSIFIER; SALT; MALT EXTRACT; MONOGLYCERIDES; NATURAL AND ARTIFICIAL FLAVORS.",Candy,43.0,g,2021-03-19,United States,LI,hershey
1762335,"GOYA, BLACK BEANS","Goya Foods, Inc. ",GOYA,041331023658,"BLACK BEANS, WATER, POTASSIUM CHLORIDE AND SALT.",Canned & Bottled Beans,122.0,g,2021-06-17,United States,LI,goya beans
1859094,"GOYA, BUTTER BEANS","Goya Foods, Inc. ",GOYA,041331124430,"BEANS, WATER, SALT, CALCIUM CHLORIDE ADDED AS A FIRMING AGENT AND CALCIUM DISODIUM EDTA ADDED TO PROMOTE COLOR RETENTION.",Canned & Bottled Beans,125.0,g,2021-07-29,United States,LI,goya beans
2020605,"GOYA, PINK BEANS","Goya Foods, Inc. ",GOYA,041331024112,"PINK BEANS, WATER, SALT AND CALCIUM DISODIUM EDTA ADDED TO PROMOTE COLOR RETENTION.",Canned & Bottled Beans,124.0,g,2021-10-28,United States,LI,goya beans
1855483,"GOYA, CREAM OF BEANS WITH COCONUT","Goya Foods, Inc. ",GOYA,041331021692,"WATER, RED BEANS, REFINED SUGAR, SWEET POTATOES, COCONUT MILK, NON FAT POWDERED MILK, CINNAMON, SALT CLOVES.",Canned & Bottled Beans,246.0,g,2021-07-29,United States,LI,goya beans
1855485,"GOYA, CUT GREEN BEANS","Goya Foods, Inc. ",GOYA,041331125390,"CUT GREEN BEANS, WATER AND SALT.",Canned Vegetables,121.0,g,2021-07-29,United States,LI,goya beans
2670628,"GIANT GREEN CERIGNOLA OLIVES, GIANT GREEN",The Great Spice Company,FICACCI,817543022273,GREEN OLIVES AND SALT PRODUCED IN A FACILITY THAT PROCESSES MILK AND TREE NUTS.,"Pickles, Olives, Peppers & Relishes",15.0,GRM,2023-11-16,United States,LI,green giant
1874229,"GIANT, GREEN TEA","Ahold USA, Inc. ",GIANT,688267079207,GREEN TEA.,Tea Bags,2.200000047683716,g,2021-07-29,United States,LI,green giant
1858484,"GIANT, KALE GREEN","Ahold USA, Inc. ",GIANT,688267053092,KALE GREENS.,Pre-Packaged Fruit & Vegetables,85.0,g,2021-07-29,United States,LI,green giant
1633560,GREEN GIANT ROSEMARY STEAMERS,"General Mills, Inc.",GREEN GIANT,020000481821,"SUGAR SNAP PEAS, CORN, CARROTS, COOKED BARLEY (WATER, BARLEY), WATER, COOKED BLACK BEANS (WATER, BLACK BEANS), RED BELL PEPPERS, BUTTER, MODIFIED CORN STARCH, SALT, MALTODEXTRIN, GUM ARABIC, ROSEMARY, SHERRY WINE, NATURAL FLAVOR, WHEY POWDER.",Frozen Prepared Sides,226.0,g,2021-03-19,United States,LI,green giant
1630057,"GREEN GIANT, FIRE ROASTED","General Mills, Inc.",GREEN GIANT,020000470375,"ROASTED ZUCCHINI, ROASTED CARROTS, ROASTED ONIONS.",Frozen Vegetables,85.0,g,2021-03-19,United States,LI,green giant
1592690,"KRAFT, MACARONI & CHEESE DINNER",Kraft Heinz Foods Company,KRAFT,021000037377,"PASTA (ENRICHED WHEAT FLOUR [WHEAT FLOUR, NIACIN, FERROUS SULFATE (IRON), THIAMIN MONONITRATE (VITAMIN B1), RIBOFLAVIN (VITAMIN B2), FOLIC ACID], WHOLE WHEAT FLOUR, GLYCEROL MONOSTEARATE); CHEESE SAUCE MIX (WHEY, MALTODEXTRIN, CORN SYRUP SOLIDS, PALM OIL, MODIFIED FOOD STARCH, MILKFAT, SALT, MILK PROTEIN CONCENTRATE, CONTAINS LESS THAN 2% OF MEDIUM CHAIN TRIGLYCERIDES, SODIUM TRIPOLYPHOSPHATE, CITRIC ACID, SODIUM PHOSPHATE, NATURAL FLAVOR, LACTIC ACID, CALCIUM PHOSPHATE, GUAR GUM, MONOSODIUM GLUTAMATE, YELLOW 5, YELLOW 6, ARTIFICIAL FLAVOR, CHEESE CULTURE, ENZYMES); MODIFIED FOOD STARCH, MALTODEXTRIN, POTASSIUM CHLORIDE, ACETYLATED MONOGLYCERIDES, SALT, MEDIUM CHAIN TRIGLYCERIDES, APOCAROTENAL (COLOR).",Pasta Dinners,55.0,g,2021-03-19,United States,LI,kraft cheese
2675215,"KRAFT, SHARP CHEDDAR CHEESE",Kraft Heinz Foods Company,KRAFT,02181505,"PASTEURIZED MILK, CHEESE CULTURE, SALT, ENZYMES, ANNATTO (COLOR).",Cheese,56.0,GRM,2023-11-16,United States,LI,kraft cheese
1662005,"KRAFT, SHAVED PARMESAN CHEESE",Kraft Heinz Foods Company,KRAFT,021000032860,"PARMESAN CHEESE (PASTEURIZED PART-SKIM MILK, CHEESE CULTURE, SALT, ENZYMES), POWDERED CELLULOSE TO PREVENT CAKING, POTASSIUM SORBATE AS A PRESERVATIVE",Cheese,28.0,g,2021-03-19,United States,LI,kraft cheese
1591281,"KRAFT, SHREDDED SWISS CHEESE",Kraft Heinz Foods Company,KRAFT,021000634347,"SWISS CHEESE (PASTEURIZED PART-SKIM MILK, CHEESE CULTURE, SALT, ENZYMES), POTATO STARCH, CELLULOSE POWDER, AND CALCIUM SULFATE ADDED TO PREVENT CAKING; NATAMYCIN (A NATURAL MOLD INHIBITOR).",Cheese,28.0,g,2021-03-19,United States,LI,kraft cheese
1592624,"KRAFT, NATURAL PEPPER JACK CHEESE",Kraft Heinz Foods Company,KRAFT,021000001965,"MONTEREY JACK CHEESE (PASTEURIZED CHEESE CULTURE, SALT, ENZYMES), JALAPENO PEPPERS (JALAPENO PEPPERS, WATER, SALT, ACETIC ACID), NATAMYCIN (A NATURAL MOLD INHIBITOR).",Cheese,28.0,g,2021-03-19,United States,LI,kraft cheese
1626701,"SMUCKER'S, BLACKBERRY SYRUP",The J.M. Smucker Company,SMUCKER'S,051500026816,"HIGH FRUCTOSE CORN SYRUP, CORN SYRUP, WATER, BLACKBERRIES, BLACKBERRY JUICE CONCENTRATE, NATURAL FLAVOR, PECTIN, XANTHAN GUM, CITRIC ACID.",Syrups & Molasses,60.0,ml,2021-03-19,United States,LI,smucker
2622267,"SMUCKER'S, BLUEBERRY PRESERVES",The J.M. Smucker Company,SMUCKER'S,051500000793,"BLUEBERRIES, HIGH FRUCTOSE CORN SYRUP, CORN SYRUP, FRUIT PECTIN, CITRIC ACID.","Jam, Jelly & Fruit Spreads",20.0,GRM,2023-08-31,United States,LI,smucker
2622268,"SMUCKER'S, PEACH PRESERVES",The J.M. Smucker Company,SMUCKER'S,051500006801,"PEACHES, HIGH FRUCTOSE CORN SYRUP, CORN SYRUP, FRUIT PECTIN, CITRIC ACID.","Jam, Jelly & Fruit Spreads",20.0,GRM,2023-08-31,United States,LI,smucker
1726716,"SMUCKER'S, APRICOT-PINEAPPLE PRESERVES",The J.M. Smucker Company,SMUCKER'S,051500012338,"APRICOTS, HIGH FRUCTOSE CORN SYRUP, CORN SYRUP, PINEAPPLE, FRUIT PECTIN, CITRIC ACID. ","Jam, Jelly & Fruit Spreads",20.0,g,2021-03-19,United States,LI,smucker
1628025,"SMUCKER'S, CONCORD GRAPE JELLY",The J.M. Smucker Company,SMUCKER'S,051500006931,"CONCORD GRAPE JUICE, HIGH FRUCTOSE CORN SYRUP, CORN SYRUP, FRUIT PECTIN, CITRIC ACID, SODIUM CITRATE.","Jam, Jelly & Fruit Spreads",20.0,g,2021-03-19,United States,LI,smucker
2233790,PEPPERIDGE FARM COOKIES,Pepperidge Farm Inc.,PEPPERIDGE FARM,00014100042181,"MADE FROM: UNBLEACHED ENRICHED WHEAT FLOUR (FLOUR, NIACIN, REDUCED IRON, THIAMINE MONONITRATE [VITAMIN B1], RIBOFLAVIN [VITAMIN B2], FOLIC ACID), SEMI SWEET CHOCOLATE (CHOCOLATE LIQUOR, SUGAR, DEXTROSE, COCOA BUTTER, SOY LECITHIN, VANILLA EXTRACT), FRUCTOSE, SUGAR, VEGETABLE OILS (PALM AND/OR INTERESTERIFIED AND HYDROGENATED SOYBEAN), BROWN SUGAR (SUGAR, INVERT SUGAR, MOLASSES), COCOA PROCESSED WITH ALKALI (DUTCHED), EGGS, CORN SYRUP SOLIDS, BUTTER (CREAM, SALT), CONTAINS 2 PERCENT OR LESS OF: CREAM CHEESE (MILK AND CREAM, CULTURES, SALT, CAROB BEAN GUM), CORNSTARCH, LEAVENING (BAKING SODA, AMMONIUM BICARBONATE, MONOCALCIUM PHOSPHATE), NONFAT MILK, SALT, VANILLA EXTRACT AND SODIUM PHOSPHATE. CONTAINS: WHEAT, SOY, EGGS, MILK.",Biscuits/Cookies,31.0,g,2022-04-01,United States,GDSN,pepperidge farm
2516902,PEPPERIDGE FARM COOKIES,Pepperidge Farm Inc.,PEPPERIDGE FARM,00014100043720,"MADE FROM: ENRICHED WHEAT FLOUR (FLOUR, NIACIN, REDUCED IRON, THIAMINE MONONITRATE, RIBOFLAVIN, FOLIC ACID), SEMI SWEET CHOCOLATE (SUGAR, CHOCOLATE, CHOCOLATE PROCESSED WITH ALKALI, COCOA BUTTER, MILKFAT, SOY LECITHIN, VANILLA EXTRACT), SUGAR, PALM AND/OR SOYBEAN AND HYDROGENATED SOYBEAN OIL, EGGS, CONTAINS 2% OR LESS OF: CORNSTARCH, SALT, BAKING SODA, SOY LECITHIN, NATURAL FLAVOR, NONFAT MILK.CONTAINS: EGG, WHEAT, MILK, SOY.",Biscuits/Cookies,34.0,GRM,2023-04-27,United States,GDSN,pepperidge farm
1461756,PEPPERIDGE FARM COOKIES,Pepperidge Farm Inc.,PEPPERIDGE FARM,00014100095934,"MADE FROM: ENRICHED WHEAT FLOUR (FLOUR, NIACIN, REDUCED IRON, THIAMINE MONONITRATE, RIBOFLAVIN, FOLIC ACID), SEMI SWEET CHOCOLATE (SUGAR, CHOCOLATE, CHOCOLATE PROCESSED WITH ALKALI, COCOA BUTTER, MILKFAT, SOY LECITHIN, VANILLA EXTRACT), SUGAR, VEGETABLE OILS (SOYBEAN, HYDROGENATED SOYBEAN AND/OR PALM), TOFFEE (SUGAR, BUTTER, CORN SYRUP, SALT, SOY LECITHIN), CONTAINS 2 PERCENT OR LESS OF: CORNSTARCH, EGGS, CORN SYRUP SOLIDS, SALT, BAKING SODA, SOY LECITHIN, NATURAL FLAVORS, NONFAT MILK.  CONTAINS: WHEAT, SOY, EGGS, MILK.",Biscuits/Cookies,28.0,g,2021-03-19,United States,GDSN,pepperidge farm
1461846,PEPPERIDGE FARM COOKIES,Pepperidge Farm Inc.,PEPPERIDGE FARM,00014100089087,"MADE FROM: UNBLEACHED ENRICHED WHEAT FLOUR (FLOUR, NIACIN, REDUCED IRON, THIAMINE MONONITRATE [VITAMIN B1], RIBOFLAVIN [VITAMIN B2], FOLIC ACID), SEMI SWEET CHOCOLATE (SUGAR, CHOCOLATE LIQUOR, CHOCOLATE LIQUOR PROCESSED WITH ALKALI [DUTCHED], COCOA BUTTER, BUTTER OIL, SOY LECITHIN, VANILLA EXTRACT), COCONUT (SULFITES), SUGAR, VEGETABLE OILS (PALM AND/OR INTERESTERIFIED AND HYDROGENATED SOYBEAN, AND/OR HYDROGENATED COTTONSEED), CORNSTARCH, EGGS, CONTAINS 2 PERCENT OR LESS OF: SWEETENER BLEND (INVERT SYRUP, MOLASSES), NONFAT MILK, LEAVENING (CREAM OF TARTAR, BAKING SODA), SALT AND SOY LECITHIN.",Biscuits/Cookies,30.0,g,2021-03-19,United States,GDSN,pepperidge farm
2516903,PEPPERIDGE FARM COOKIES,Pepperidge Farm Inc.,PEPPERIDGE FARM,00014100043737,"MADE FROM: ENRICHED WHEAT FLOUR (FLOUR, NIACIN, REDUCED IRON, THIAMINE MONONITRATE, RIBOFLAVIN, FOLIC ACID), BUTTER, SUGAR, CORNSTARCH, CONTAINS 2% OR LESS OF: DEXTROSE, EGGS, BAKING SODA, CREAM OF TARTAR, NONFAT MILK, SOY LECITHIN.CONTAINS: WHEAT, MILK, EGGS, SOY",Biscuits/Cookies,30.0,GRM,2023-04-27,United States,GDSN,pepperidge farm
1461810,PREGO SAUCES ALFREDO,CAMPBELL SOUP COMPANY,PREGO,00051000251022,"INGREDIENTS: CREAM, WATER, PARMESAN CHEESE (MILK, CULTURES, SEA SALT, ENZYMES), BUTTER (CREAM, SALT), ASIAGO CHEESE CONCENTRATE (ASIAGO CHEESE [MILK, CULTURES, SALT, ENZYMES], WATER, SALT), CORNSTARCH, ENZYME MODIFIED EGG YOLKS, SALT, FONTINA CHEESE (CULTURED PASTEURIZED MILK, SALT, ENZYMES), CONTAINS LESS THAN 1% OF: GARLIC, ROMANO CHEESE (COW'S MILK, CULTURES, SEA SALT, ENZYMES), XANTHAN GUM, SPICE, LACTIC ACID.",Sauces/Spreads/Dips/Condiments,60.0,ml,2021-03-19,United States,GDSN,prego sauce
2519801,PREGO SAUCES CARBONARA,CAMPBELL SOUP COMPANY,PREGO,00051000249548,"INGREDIENTS: WATER, CREAM, MODIFIED FOOD STARCH, BUTTER (CREAM), PARMESAN CHEESE (MILK, CULTURES, SALT, ENZYMES), CHEDDAR CHEESE (MILK, CULTURES, SALT, ENZYMES), ENZYME MODIFIED EGG YOLKS, SALT, UNCURED SMOKED BACON PIECES (PORK, WATER, SEA SALT, SUGAR), CONTAINS LESS THAN 1% OF: SUGAR, WHEY, YEAST EXTRACT, ROASTED GARLIC, BLACK PEPPER, BAY LEAVES, LACTIC ACID.",Sauces/Spreads/Dips/Condiments,60.0,MLT,2023-04-27,United States,GDSN,prego sauce
756888,PREGO SAUCES CHEDDAR,CAMPBELL SOUP COMPANY,,00051000212191,"INGREDIENTS: WATER, CREAM, WHITE CHEDDAR CHEESE (MILK, CULTURES, SALT, ENZYMES), MODIFIED FOOD STARCH, HYDROGENATED SOYBEAN OIL, BUTTER (CREAM, WATER, SALT), CONTAINS LESS THAN 2% OF: ENZYME MODIFIED EGG YOLKS (EGG YOLKS, PHOSPHOLIPASE), PARMESAN CHEESE (PART-SKIM MILK, CULTURES, SALT, ENZYMES), SALT, DEHYDRATED WHEY, CHEDDAR CHEESE (MILK, CULTURES, SALT, ENZYMES), DISODIUM PHOSPHATE-DIHYDRATE, SUGAR, XANTHAN GUM, FLAVORING, MONOSODIUM GLUTAMATE, YEAST EXTRACT, DEHYDRATED ONIONS, BETA CAROTENE FOR COLOR, DEHYDRATED CREAM, MONOSODIUM PHOSPHATE, SPICES, ANNATTO EXTRACT FOR COLOR, PAPRIKA EXTRACT FOR COLOR, LACTIC ACID.",Sauces/Spreads/Dips/Condiments,60.0,ml,2020-02-27,United States,GDSN,prego sauce
756860,PREGO SAUCES GARLIC,CAMPBELL SOUP COMPANY,,00051000129093,"INGREDIENTS: TOMATO PUREE (WATER, TOMATO PASTE), ROASTED RED PEPPERS, DICED TOMATOES IN TOMATO JUICE, SUGAR, RED PEPPERS, GARLIC, CANOLA OIL, CONTAINS LESS THAN 1% OF: SALT, SPICES, CITRIC ACID, LOWER SODIUM NATURAL SEA SALT, FLAVORING, ONION EXTRACT, GARLIC EXTRACT, DISTILLED VINEGAR, DEHYDRATED ONIONS.",Sauces/Spreads/Dips/Condiments,120.0,ml,2020-02-27,United States,GDSN,prego sauce
2649277,PREGO SAUCES GARLIC,CAMPBELL SOUP COMPANY,PREGO,00051000227461,"INGREDIENTS: DICED TOMATOES IN TOMATO JUICE, TOMATO PUREE (WATER, TOMATO PASTE), ONIONS, ROASTED GARLIC, OLIVE OIL, GARLIC, CONTAINS LESS THAN 1% OF: SALT, BASIL, CITRIC ACID, BLACK PEPPER, OREGANO.",Sauces/Spreads/Dips/Condiments,120.0,MLT,2023-10-26,United States,GDSN,prego sauce
2599185,"RXBAR PROTEIN BAR, 1.83 OZ, 10 COUNT",Chicago Bar Company ,RXBAR,00859162007255,"CHOCOLATE SEA SALT - DATES, EGG WHITES, ALMONDS, CASHEWS, CHOCOLATE, COCOA, NATURAL FLAVOR, SEA SALT,COCONUT CHOCOLATE - DATES, EGG WHITES, ALMONDS, CASHEWS, CHOCOLATE, NATURAL FLAVOR, SEA SALT, COCONUT,BLUEBERRY - DATES, EGG WHITES, ALMONDS, CASHEWS, BLUEBERRIES, NATURAL FLAVOR,PEANUT BUTTER CHOCOLATE - DATES, PEANUTS, EGG WHITES, CHOCOLATE, NATURAL FLAVOR, COCOA, SEA SALT",Chocolate,52.0,GRM,2023-07-13,United States,LI,rxbar
1067103,"ORANGE PROTEIN BAR, ORANGE",RXBAR,,193908002813,"DATES, EGG WHITES, CASHEWS, ALMONDS, ORANGES, NATURAL FLAVORS, SEA SALT.","Snack, Energy & Granola Bars",52.0,g,2020-07-30,United States,LI,rxbar
2670061,"12 G. PROTEIN BAR, APPLE CINNAMON",Chicago Bar Company ,RXBAR,857777004171,"DATES, EGG WHITES, ALMONDS, CASHEWS, APPLES, NATURAL FLAVORS, CINNAMON.","Snack, Energy & Granola Bars",52.0,GRM,2023-11-16,United States,LI,rxbar
2429764,"12 G. PROTEIN BAR, MANGO PINEAPPLE",Chicago Bar Company ,RXBAR,859162007187,"DATES, EGG WHITES, ALMONDS, CASHEWS, MANGO, PINEAPPLE, NATURAL FLAVORS.","Snack, Energy & Granola Bars",52.0,g,2022-12-22,United States,LI,rxbar
2434597,"7G. PROTEIN BAR, CHOCOLATE CHIP",Chicago Bar Company ,RXBAR,857777004768,"DATES, EGG WHITES, CASHEWS, ALMONDS, CACAO, COCOA, NATURAL CHOCOLATE FLAVOR, NATURAL VANILLA FLAVOR.","Snack, Energy & Granola Bars",33.0,g,2022-12-22,United States,LI,rxbar
2081644,"KIND, FRUIT & NUT BAR",KIND Inc.,KIND,602652170065,"MIXED NUTS (PEANUTS, ALMONDS, WALNUTS, BRAZIL NUTS), HONEY, NON GMO GLUCOSE, CRISP RICE, CHICORY ROOT FIBER, FLAX SEEDS, SOY LECITHIN.","Snack, Energy & Granola Bars",40.0,g,2021-10-28,United States,LI,kind bar
2081645,"KIND, FRUIT & NUT BAR IN YOGURT",KIND Inc.,KIND,602652170072,"MIXED NUTS (PEANUTS, ALMONDS, BRAZIL NUTS, WALNUTS), HONEY, SUGAR, DRIED FRUIT (SULTANAS, DATES, RAISINS), NON GMO GLUCOSE, PALM KERNEL OIL, CRISP RICE, APRICOTS, APPLE JUICE, WHEY, SKIM MILK, POWDERED YOGURT, VEGETABLE GLYCERINE, FLAX SEEDS, SOY LECITHIN, CHICORY ROOT FIBER, VANILLA, CITRUS PECTIN, NATURAL APRICOT FLAVOR.","Snack, Energy & Granola Bars",40.0,g,2021-10-28,United States,LI,kind bar
2081642,"KIND, FRUIT & NUT DELIGHT BAR",KIND Inc.,KIND,602652170041,"MIXED NUTS (PEANUTS, ALMONDS, BRAZIL NUTS, WALNUTS), HONEY, DRIED FRUIT (SULTANAS, DATES, RAISINS), NON GMO GLUCOSE, CRISP RICE, APRICOTS, APPLE JUICE, VEGETABLE GLYCERINE, FLAX SEEDS, SOY LECITHIN, CHICORY ROOT FIBER, CITRUS PECTIN, NATURAL APRICOT FLAVOR.","Snack, Energy & Granola Bars",40.0,g,2021-10-28,United States,LI,kind bar
1907513,"KIND, FRUIT & NUT BAR, ALMONDS & APRICOTS IN YOGURT",KIND Inc.,KIND,602652170034,"ALMONDS, COCONUT, HONEY, NON GMO GLUCOSE, SUGAR, PALM KERNEL OIL, APRICOTS, APPLE JUICE, CRISP RICE, VEGETABLE GLYCERINE, WHEY, SKIN MILK, POWDERED YOGURT, SOY LECITHIN , CHICORY ROOT FIBER, CITRUS PECTIN, VANILLA, NATURAL APRICOT FLAVOR.","Snack, Energy & Granola Bars",40.0,g,2021-07-29,United States,LI,kind bar
2079416,"KIND, HICKORY SMOKED BOLD SAVORY SNACK BAR",KIND Inc.,KIND,602652184284,"ALMONDS, PUMPKIN SEEDS, HONEY, GLUCOSE SYRUP, PEA CRISP (PEA PROTEIN ISOLATE, RICE FLOUR, RICE STARCH), HEMP SEEDS, SMOKED SEA SALT, SUNFLOWER LECITHIN, ONION POWDER, GARLIC POWDER, NATURAL SMOKE FLAVOR.","Snack, Energy & Granola Bars",45.0,g,2021-10-28,United States,LI,kind bar
2693296,Annie's Organic Ketchup,GENERAL MILLS SALES INC.,Annie's,00092325222250,"TOMATO PASTE*, WATER, CANE SUGAR*, DISTILLED WHITE VINEGAR*, SEA SALT, DRIED ONION*, ALLSPICE*, CLOVE*. *ORGANIC",Sauces/Spreads/Dips/Condiments,17.0,GRM,2024-05-16,United States,GDSN,annie organic
1456718,Annie's Organic Ketchup,GENERAL MILLS SALES INC.,Annie's,00013562002580,"TOMATO PASTE*, WATER, CANE SUGAR*, DISTILLED WHITE VINEGAR*, SEA SALT, DRIED ONION*, ALLSPICE*, CLOVE*. *ORGANIC",Sauces/Spreads/Dips/Condiments,17.0,g,2021-03-19,United States,GDSN,annie organic
2516800,Annie's Organic Animal Cookies,GENERAL MILLS SALES INC.,Annie's,00013562001248,"Organic Whole Wheat Flour, Organic Wheat Flour, Organic Cane Sugar, Organic Expeller-Pressed Sunflower Oil, Organic Invert Cane Syrup, Calcium Carbonate, Organic Natural Flavor, Sea Salt, Leavening (baking soda, ammonium bicarbonate), Mixed Tocopherols (vitamin E) to Protect Flavor.",Biscuits/Cookies,30.0,GRM,2023-04-27,United States,GDSN,annie organic
2693298,Annie's Organic Dijon Mustard,GENERAL MILLS SALES INC.,Annie's,00092325222236,"DISTILLED WHITE VINEGAR*, WATER, MUSTARD SEED*, SEA SALT, CLOVE*. *ORGANIC",Sauces/Spreads/Dips/Condiments,5.0,GRM,2024-05-16,United States,GDSN,annie organic
2693299,Annie's Organic Honey Mustard,GENERAL MILLS SALES INC.,Annie's,00092325222229,"APPLE CIDER VINEGAR*, WATER, MUSTARD SEED*, SEA SALT, CANE SUGAR*, HONEY*, CINNAMON*. *ORGANIC",Sauces/Spreads/Dips/Condiments,6.0,GRM,2024-05-16,United States,GDSN,annie organic
2741809,Betty Crocker Mashed Potatoes,GENERAL MILLS SALES INC.,Betty Crocker,00016000416109,"POTATOES*, MONO AND DIGLYCERIDES. FRESHNESS PRESERVED BY SODIUM ACID PYROPHOSPHATE, SODIUM BISULFITE AND CITRIC ACID. *DRIED",Vegetable Based Products / Meals,23.0,GRM,2025-08-21,US,GDSN,betty crocker
2743666,Betty Crocker Mashed Potatoes,GENERAL MILLS SALES INC.,Betty Crocker,00016000416604,"Potatoes*, Mono and Diglycerides. Freshness Preserved by Sodium Acid Pyrophosphate, Sodium Bisulfite, and Citric Acid. *DRIED ",Vegetable Based Products / Meals,23.0,GRM,2025-09-18,US,GDSN,betty crocker
2613183,Betty Crocker Julienne Potatoes,GENERAL MILLS SALES INC.,Betty Crocker,00016000418202,"Potato, Enriched Flour (wheat flour, niacin, iron, thiamin mononitrate, riboflavin, folic acid), Maltodextrin, Corn Starch, Salt, Onion*, Modified Whey, Potassium Phosphate, Vegetable Oil (canola, soybean, and/or sunflower oill). Contains 0.5% or less of: Whey, Garlic*, Cheddar Cheese* (cultured milk, salt, enzymes), Monoglycerides, Lactic Acid, Nonfat Milk*, Calcium Lactate, Color (annatto & turmeric extract), Sodium Phosphate, Blue Cheese* (cultured milk, salt, enzymes), Chicken Broth*, Natural Flavor, Silicon Dioxide (anticaking agent), Buttermilk, Coconut Oil, Pea Protein Isolate, Rice Flour, Spice. Freshness Preserved by Sodium Bisulfite. *DRIED",Vegetable Based Products / Meals,26.0,GRM,2023-08-31,United States,GDSN,betty crocker
2753800,Betty Crocker Scalloped Potatoes,GENERAL MILLS SALES INC.,Betty Crocker,00016000274891,"Potatoes*, Enriched Flour (wheat flour, niacin, iron, thiamin mononitrate, riboflavin, folic acid), Maltodextrin, Corn Starch, Salt, Potassium Phosphate. Contains 0.5% or less of: Vegetable Oil (canola, soybean, and/or sunflower oil), Onion*, Spice, Celery*, Monoglycerides, Whey, Cheddar Cheese* (cultured milk, salt, enzymes), Lactic Acid, Calcium Lactate, Nonfat Milk*, Chicken Broth*, Silicon Dioxide (anticaking agent), Color (annatto & turmeric extract), Sodium Phosphate, Natural Flavor, Blue Cheese* (cultured milk, salt, enzymes), Buttermilk, Coconut Oil, Pea Protein Isolate, Rice Flour. Freshness Preserved by Sodium Bisulfite. *DRIED",Vegetable Based Products / Meals,27.0,GRM,2026-02-19,US,GDSN,betty crocker
2741092,Betty Crocker Scalloped Potatoes,GENERAL MILLS SALES INC.,Betty Crocker,00016000219960,"Potatoes*, Corn Starch, Maltodextrin, Enriched Flour (wheat flour, niacin, iron, thiamin mononitrate, riboflavin, folic acid), Salt, Modified Whey, Onion*, Garlic*, Potassium Phosphate. Contains 0.5% or less of: Vegetable Oil (canola, high oleic soybean, and/or sunflower oil), Cheddar Cheese (milk, salt, cultures, enzymes), Whey, Leek*, Buttermilk, Monoglycerides, Parsley*, Natural Flavor, Coconut Oil, Lactic Acid, Sodium Phosphate, Calcium Lactate, Yeast Extract, Blue Cheese* (milk, salt, cultures, enzymes), Color (annatto extract), Silicon Dioxide (anticaking agent). Freshness Preserved by Sodium Bisulfite. *DRIED",Vegetable Based Products / Meals,28.0,GRM,2025-08-21,US,GDSN,betty crocker
2524338,"GREAT VALUE, CRISP RICE CEREAL","Wal-Mart Stores, Inc.",GREAT VALUE,078742076201,"RICE, SUGAR, SALT, MALT SYRUP. VITAMINS AND MINERALS: SODIUM ASCORBATE (VITAMIN C), REDUCED IRON, ALPHA TOCOPHEROL ACETATE (VITAMIN E), NIACINAMIDE, VITAMIN A PALMITATE, PYRIDOXINE HYDROCHLORIDE (VITAMIN B6), THIAMINE MONONITRATE (VITAMIN B1), RIBOFLAVIN (VITAMIN B2), FOLIC ACID, VITAMIN D, VITAMIN B12. BHT ADDED TO PACKAGING MATERIAL TO HELP PRESERVE FRESHNESS. ",Cereal,33.0,MG,2023-04-27,United States,LI,great value cereal
2524567,"GREAT VALUE, CRUNCHY NUGGETS CEREAL","Wal-Mart Stores, Inc.",GREAT VALUE,078742230337,"WHOLE GRAIN WHEAT FLOUR, MALTED BARLEY FLOUR, SALT, YEAST, REDUCED IRON, NIACINAMIDE, ZINC OXIDE, PYRIDOXINE HYDROCHLORIDE (VITAMIN B6), RIBOFLAVIN (VITAMIN B2), VITAMIN A PALMITATE, THIAMINE MONONITRATE (VITAMIN B1), FOLIC ACID, VITAMIN B12, VITAMIN D. ",Cereal,58.0,MG,2023-04-27,United States,LI,great value cereal
2021102,"GREAT VALUE, WHOLE GRAIN OAT CEREAL","Wal-Mart Stores, Inc.",GREAT VALUE,078742075839,"WHOLE GRAIN OAT FLOUR (INCLUDED THE OAT BRAN), WHEAT STARCH, SUGAR, MODIFIED CORNSTARCH, OAT FIBER, SALT, OAT EXTRACT, CALCIUM CARBONATE, DICALCIUM PHOSPHATE, TRIPOTASSIUM PHOSPHATE, IRON AND ZINC (MINERAL NUTRIENTS), VITAMIN C (SODIUM ASCORBATE), NIACINAMIDE, VITAMIN E (MIXED TOCOPHEROLS) ADDED TO PRESERVE FRESHNESS, VITAMIN A PALMITATE, PYRIDOXINE HYDROCHLORIDE (VITAMIN B6), RIBOFLAVIN (VITAMIN B2), THIAMINE MONONITRATE (VITAMIN B1), FOLIC ACID, VITAMIN D, VITAMIN B12. ",Cereal,28.0,g,2021-10-28,United States,LI,great value cereal
2008921,"GREAT VALUE, LEMONADE","Wal-Mart Stores, Inc.",GREAT VALUE,078742378213,"HIGH FRUCTOSE CORN SYRUP, WATER, CONCENTRATED LEMON JUICE, LEMON PULP, SUGAR SYRUP, LEMON OIL.",Frozen Fruit & Fruit Juice Concentrates,50.0,g,2021-10-28,United States,LI,great value cereal
2013118,"GREAT VALUE, CRUNCHY HONEY OATS WITH ALMONDS CEREAL","Wal-Mart Stores, Inc.",GREAT VALUE,078742091297,"DEGERMED YELLOW CORN MEAL, WHOLE GRAIN WHEAT, GRANOLA CLUSTERS (WHOLE GRAIN ROLLED OATS, BROWN SUGAR, CRISP RICE [ RICE, SALT, MALT], WHOLE GRAIN ROLLED WHEAT, OAT FLOUR, CANOLA OIL, MOLASSES, HONEY, NATURAL AND ARTIFICIAL FLAVORS, SALT, PRESERVATIVE [ BHT]), SUGAR, ALMONDS, SALT, MALT EXTRACT, CORN SYRUP, HONEY, NATURAL AND ARTIFICIAL FLAVOR, CINNAMON, VITAMINS AND MINERALS: VITAMIN C (SODIUM ASCORBATE, ASCORBIC ACID), IRON (FERROUS FUMARATE, FERRIC ORTHOPHOSPHATE), VITAMIN A PALMITATE, CALCIUM (CALCIUM CARBONATE), NIACINAMIDE, VITAMIN B1 (THIAMINE MONONITRATE), VITAMIN B2 (RIBOFLAVIN), VITAMIN B6 (PYRIDOXINE HYDROCHLORIDE), VITAMIN D (CHOLECALCIFEROL), FOLIC ACID, VITAMIN B12 (CYANOCOBALAMIN), VITAMIN E (ALPHA TOCOPHEROL ACETATE), ZINC (ZINC OXIDE). BHT ADDED TO PACKAGING TO HELP PRESERVE FRESHNESS. ",Cereal,31.0,g,2021-10-28,United States,LI,great value cereal
2288804,"KROGER, APPLESAUCE",The Kroger Co.,KROGER,011110819222,"APPLES, WATER, ASCORBIC ACID (VITAMIN C).",Wholesome Snacks,113.0,g,2022-05-23,United States,LI,kroger
2037409,"KROGER, BRAUNSCHWEIGER",The Kroger Co.,KROGER,011110970657,"PORK LIVERS, PORK FAT, WATER, MODIFIED FOOD STARCH (CORN), DEXTROSE, CORN SYRUP, SALT, CONTAINS 2% OR LESS OF: POTASSIUM LACTATE, SODIUM PHOSPHATES, FLAVORINGS, SODIUM DIACETATE, SODIUM ERYTHORBATE, SODIUM NITRITE, BEEF, CITRIC ACID.","Pepperoni, Salami & Cold Cuts",56.0,g,2021-10-28,United States,LI,kroger
2035939,"KROGER, CAULIFLOWER",The Kroger Co.,KROGER,011110897275,CAULIFLOWER.,Frozen Vegetables,86.0,g,2021-10-28,United States,LI,kroger
2031478,"KROGER, MARGARINE",The Kroger Co.,KROGER,011110870711,"LIQUID SOYBEAN OIL, PALM OIL AND PALM KERNEL OIL, WATER, CANOLA OIL, SALT WHEY, (MIL), VEGETABLE MONO & DIGLYCERIDES, SOYBEAN LECITHIN ( SOY), POTASSIUM SORBATE AND CITRIC ACID ADDED AS PRESERVATIVES, NATURAL AND ARTIFICIAL FLAVOR, COLORED, WITH BETA CAROTENE, VITAMIN A PALMITATE ADDED.",Butter & Spread,14.0,g,2021-10-28,United States,LI,kroger
2031434,"KROGER, 100% JUICE",The Kroger Co.,KROGER,011110877857,"CONCENTRATED APPLE JUICE,ASCORBIC ACID (VITAMIN C)",Frozen Fruit & Fruit Juice Concentrates,71.0,g,2021-10-28,United States,LI,kroger
2077150,"NATURE'S OWN, SPECIALTY HONEY WHEAT BREAD","Flowers Foods, Inc.",NATURE'S OWN,072250914765,"WHOLE WHEAT FLOUR, WATER, BROWN SUGAR, HONEY, WHEAT GLUTEN, CONTAINS 2% OR LESS OF EACH OF THE FOLLOWING: YEAST, RAISIN JUICE CONCENTRATE, SOYBEAN OIL, SALT CULTURED WHEAT FLOUR, VINEGAR, DOUGH CONDITIONERS (CONTAINS ONE OR MORE OF THE FOLLOWING: SODIUM STEAROYL LACTYLATE, CALCIUM STEAROYL LACTYLATE, MONOGLYCERIDES AND/OR DIGLYCERIDES, CALCIUM PEROXIDE, CALCIUM IODATE, DATEM, ETHOXYLATED MONO- AND DIGLYCERIDES, ENZYMES), SOY LECITHIN CALCIUM SULFATE, WHEAT STARCH., TOPPED WITH WHEAT BRAN.",Breads & Buns,43.0,g,2021-10-28,United States,LI,nature own bread
2077164,"NATURE'S OWN, GOLDEN SESAME SANDWICH ROLLS","Flowers Foods, Inc.",NATURE'S OWN,072250024136,"ENRICHED FLOUR (WHEAT FLOUR, MALTED BARLEY FLOUR, NIACIN, REDUCED IRON, THAIMIN MONONITRATE, RIBOFLAVIN, FOLIC ACID), WATER, SUGAR, YEAST CONTAINS 2% OR LESS OF EACH OF THE FOLLOWING: SALT, SOYBEAN OIL, WHEAT GLUTEN, CULTURED WHEAT FLOUR, VINEGAR, DOUGH CONDITIONERS (CONTAINS ONE OR MORE OF THE FOLLOWING: SODIUM STEAROYL LACTYLATE, CALCIUM STEAROYL LACTYLATE, MONOGLYCERIDES AND/OR DIGLYCERIDES, CALCIUM PEROXIDE, CALCIUM IODATE, DATEM, ETHOXYLATED MONO- AND DIGLYCERIDES, ENZYMES), YEAST FOOD CALCIUM (AMMONIUM SULFATE), MONOCALCIUM, CALCIUM SULFATE, SOY FLOUR, SOY LECITHIN, CALCIUM CARBONATE, TOPPED WITH SESAME SEEDS.",Breads & Buns,71.0,g,2021-10-28,United States,LI,nature own bread
2104351,"NATURE'S OWN, MULTI-GRAIN SANDWICH ROUNDS","Flowers Foods, Inc.",NATURE'S OWN,072250006910,"WHOLE WHEAT FLOUR, WATER, ENRICHED FLOUR (WHEAT FLOUR, MALTED BARLEY FLOUR, NIACIN, REDUCED IRON, THIAMIN MONONITRATE, RIBOFLAVIN, FOLIC ACID), YEAST, SUGAR, WHEAT GLUTEN, FIBER (MAY CONTAIN SOY, OAT, COTTONSEED, AND/OR CELLULOSE), FARINA (WHEAT), CONTAINS 2% OR LESS OF EACH OF THE FOLLOWING: MODIFIED WHEAT STARCH, ROLLED WHEAT, VINEGAR, SOYBEAN OIL, SALT, RYE NUGGETS, CULTURED WHEAT FLOUR, CORN GRITS, CULTURED WHEAT STARCH, ROLLED OATS, WHEAT BRAN, WHOLE RYE FLAKES, TRITICALE FLAKES, PARBOILED BROWN RICE FLOUR, DOUGH CONDITIONERS (CONTAINS ONE OR MORE OF THE FOLLOWING: SODIUM STEAROYL LACTYLATE, CALCIUM STEAROYL LACTYLATE, MONOGLYCERIDES, AND/OR DIGLYCERIDES, CALCIUM PEROXIDE, CALCIUM IODATE, DATEM, ETHOXLATED MONO- AND DIGLYCERIDES, ENZYMES), MONOCALCIUM PHOSPHATE, BARLEY FLAKES, HULLED MILLET, WHOLE FLAX SEED, CALCIUM, SULFATE, GUAR GUM, CITRIC ACID, SODIUM CITRATE, CALCIUM PROPIONATE AND NATAMYCIN (TO RETARD SPOILAGE).",Breads & Buns,43.0,g,2021-10-28,United States,LI,nature own bread
2014847,"NATURE'S OWN, WHOLE WHEAT SANDWICH ROUNDS","Flowers Foods, Inc.",NATURE'S OWN,072250006927,"WHOLE WHEAT FLOUR, WATER, YEAST, SUGAR, WHEAT GLUTEN, OAT FIBER, CONTAINS 2% OR LESS OF EACH OF THE FOLLOWING: MODIFIED WHEAT STARCH, WHEAT BRAN, SOYBEAN OIL, SALT, CULTURED WHEAT STARCH, CULTURED WHEAT FLOUR, VINEGAR, DOUGH CONDITIONERS (CONTAINS ONE OR MORE OF THE FOLLOWING: SODIUM STEAROYL LACTYLATE, CALCIUM STEAROYL LACTYLATE, MONOGLYCERIDES, MONO-AND DIGLYCERIDES, DISTILLED MONOGLYCERIDES, CALCIUM PEROXIDE, CALCIUM IODATE, DATEM, ETHOXYLATED MONO-AND DIGLYCERIDES, ENZYMES, ASCORBIC ACID), MONOCALCIUM PHOSPHATE, CALCIUM SULFATE, GUAR GUM, CITRIC ACID, SODIUM CITRATE, NATAMYCIN (TO RETARD SPOILAGE).",Breads & Buns,43.0,g,2021-10-28,United States,LI,nature own bread
2018985,"NEWMAN'S OWN, ALL NATURAL THIN & CRISPY SUPREME PIZZA","Newman's Own, Inc.",NEWMAN'S OWN,020662005328,"MULTIGRAIN CRUST (WHEAT FLOUR, WATER, VEGETABLE OIL [CANOLA OIL, PURE OLIVE OIL], FLAXSEED, YEAST, SUGAR, SALT, WHOLE OAT FLOUR), SAUCE (TOMATOES [DICED TOMATOES, TOMATO JUICE], WATER, TOMATO PASTE, EXTRA VIRGIN OLIVE OIL, RED WINE VINEGAR, SALT, SUGAR, SPICES, GARLIC*, ONION*), LOW-MOISTURE PART-SKIM MOZZARELLA CHEESE (PASTEURIZED PART-SKIM MILK, CHEESE CULTURES, SALT, ENZYMES), NATURAL COOKED ITALIAN SAUSAGE (PORK, SPICES, WATER, SALT, SUGAR, NATURAL FLAVORINGS, PAPRIKA), UNCURED PEPPERONI NO NITRATE OR NITRITE ADDED EXCEPT THAT WHICH NATURALLY OCCURS IN SEA SALT AND CELERY JUICE CONCENTRATE (PORK AND BEEF, SEA SALT, NATURAL SPICES, EVAPORATED CANE JUICE, LACTIC ACID STARTER CULTURE, NATURAL FLAVORINGS [INCLUDING CELERY JUICE CONCENTRATE], OLEORESIN OF PAPRIKA), ROASTED BELL PEPPERS (RED, GREEN AND YELLOW BELL PEPPERS), ONION, PARMESAN CHEESE (PASTEURIZED PART-SKIM MILK, CHEESE CULTURE, SALT AND ENZYMES), PARSLEY*.",Pizza,139.0,g,2021-10-28,United States,LI,nature own bread
1934775,"PIMENTO CHEESE , JUSTIN'S GREEN CHILE","MKM Enterprises, LLC",SPOON & LADLE,850418006572,"SHARP WHITE CHEDDAR CHEESE, PIMENTO, GREEN CHILES, MAYONNAISE, LESS THAN 2% OF: CAVENDER'S GREEK SEASONING",Cheese,28.0,g,2021-07-29,United States,LI,justin peanut
2639195,"PEANUT BRITTLE PEANUTS, PEANUT BRITTLE","Meijer, Inc.",MEIJER,719283237712,"PEANUTS, SUGAR, WATER, SALT, NATURAL AND ARTIFICIAL FLAVORS.",Candy,28.0,GRM,2023-09-14,United States,LI,justin peanut
2613039,"PEANUT SPREAD, PEANUT",Protein Plus Peanut Butter,HANK'S,863509000083,"PEANUTS, WHEY PROTEIN ISOLATE, NATURAL FLAVORING (VANILLA CINNAMON), DEXTROSE, GROUND CINNAMON, OLIVE OIL, GROUND GOLDEN FLAX, SPICE, SALT, SULFUR DIOXIDE (ANTI-CAKING AGENT)",Nut & Seed Butters,31.0,GRM,2023-07-13,United States,LI,justin peanut
2404110,"PEANUT BARK, PEANUT","Wal-Mart Stores, Inc.",MARKETSIDE,194346021437,"CHOCOLATEY COATING (SUGAR, PALM KERNEL OIL, COCOA POWDER [PROCESSED WITH ALKALI], NONFAT DRY MILK, WHEY, SOY LECITHIN, SALT, NATURAL AND ARTIFICIAL FLAVOR), DRY ROASTED PEANUTS.",Candy,30.0,g,2022-12-22,United States,LI,justin peanut
2583929,"PEANUT BRITTLE, PEANUT",Target Stores,FAVORITE DAY,085239976791,"SUGAR, PEANUTS, CORN SYRUP, PALM KERNEL OIL, WATER, BUTTER (CREAM [MILK], NATURAL FLAVOR), SEA SALT, BAKING SODA, SOY LECITHIN (PROCESSING AID).",Candy,30.0,GRM,2023-06-29,United States,LI,justin peanut
769522,RITZ CRACKERS CHEESE,,,05000137488905,"Ingredients: WHEAT flour, palm oil, CHEESE powder 5,4%, raising agents (ammonium hydrogen carbonate, potassium hydrogen carbonate), glucose-fructose syrup, salt, sugar, dried yeast, acidity regulators (lactic acid, calcium lactate), flavorings, black pepper, emulsifier (sunflower lecithin). MAY CONTAIN EGG, SESAME.",Dough Based Products / Meals,100.0,g,2020-02-27,United States,GDSN,ritz crackers
769684,RITZ CRACKERS HERBS,,,07622210233745,"Ingredients: WHEAT flour, palm oil, sugar, raising agents (ammonium hydrogen carbonate, calcium phosphates, sodium hydrogen carbonate), olive oil 3%, salt, glucose-fructose syrup, BARLEY malt flour, herbs 0,5%, rosemary 0,1%, dried spinach. MAY CONTAIN EGG, MILK, SESAME.",Dough Based Products / Meals,100.0,g,2020-02-27,United States,GDSN,ritz crackers
770690,RITZ CRACKERS ORIGINAL,,,07622210157324,"Ingredients: WHEAT flour, palm oil, sugar, raising agents (ammonium bicarbonate, monocalcium orthophosphate, sodium bicarbonate, potassium bicarbonate), glucose-fructose syrup, salt, BARLEY malt flour, emulsifier (sunflower lecithin). MAY CONTAIN EGG, MILK, SESAME.",Dough Based Products / Meals,100.0,g,2020-02-27,United States,GDSN,ritz crackers
2655832,"RITZ, BIG CRACKERS",Nabisco Biscuit Company,RITZ,044000041380,"UNBLEACHED ENRICHED FLOUR (WHEAT FLOUR, NIACIN, REDUCED IRON, THIAMINE MONONITRATE, (VITAMIN B1) RIBOFLAVIN (VITAMIN B2), FOLIC ACID), SOYBEAN OIL, SUGAR PARTIALLY HYDROGENATED COTTONSEED OIL, WHEAT GLUTEN, SALT, LEAVENING (CALCIUM PHOSPHATE AND/OR BAKING SODA), HIGH FRUCTOSE CORN SYRUP, SOY LECITHIN, LACTIC ACID, NATURAL FLAVOR.",Crackers & Biscotti,16.0,GRM,2023-10-26,United States,LI,ritz crackers
1459864,RITZ CRACKERS 1X1 OZ,Mondelez USA,RITZ,00044000036935,"INGREDIENTS: UNBLEACHED ENRICHED FLOUR (WHEAT FLOUR, NIACIN, REDUCED IRON, THIAMINE MONONITRATE {VITAMIN B1}, RIBOFLAVIN {VITAMIN B2}, FOLIC ACID), CANOLA OIL, SUGAR, PALM OIL, LEAVENING (CALCIUM PHOSPHATE AND/OR BAKING SODA), SALT, SOY LECITHIN.",Biscuits/Cookies,28.0,g,2021-03-19,United States,GDSN,ritz crackers
1459004,NABISCO CHIPS AHOY! COOKIES CHIPS AHOY! COOKIES 48X4.150 OZ,Mondelez USA,NABISCO CHIPS AHOY!,00044000029548,"INGREDIENTS: UNBLEACHED ENRICHED FLOUR (WHEAT FLOUR, NIACIN, REDUCED IRON, THIAMINE MONONITRATE {VITAMIN B1}, RIBOFLAVIN {VITAMIN B2}, FOLIC ACID), SEMISWEET CHOCOLATE CHUNKS (SUGAR, CHOCOLATE, DEXTROSE, COCOA BUTTER, MILK, SOY LECITHIN), SUGAR, CANOLA OIL, SEMISWEET CHOCOLATE CHIPS (SUGAR, CHOCOLATE, COCOA BUTTER, DEXTROSE, MILK, SOY LECITHIN), PALM OIL, LEAVENING (BAKING SODA, AMMONIUM PHOSPHATE), MOLASSES, HIGH FRUCTOSE CORN SYRUP, WHEY, SALT, SOY LECITHIN, CARAMEL COLOR, ARTIFICIAL FLAVOR.",Biscuits/Cookies,16.0,g,2021-03-19,United States,GDSN,chips ahoy
2601457,"OREO + CHIPS AHOY! FROZEN DAIRY DESSERT, OREO + CHIPS AHOY!",Dreyer's Grand Ice Cream Inc.,DREYER'S,041548578392,"DAIRY PRODUCT SOLIDS, SKIM MILK, SUGAR, CORN SYRUP, CREAM, OREO COOKIE PIECES (UNBLEACHED ENRICHED FLOUR [WHEAT FLOUR, NIACIN, REDUCED IRON, THIAMINE MONONITRATE, RIBOFLAVIN, FOLIC ACID], SUGAR, PALM AND CANOLA OIL, COCOA PROCESSED WITH ALKALI, INVERT SUGAR, BAKING SODA, CALCIUM PHOSPHATE, SOY LECITHIN, SALT, CHOCOLATE, NATURAL FLAVOR), CHIPS AHOY COOKIE PIECES (UNBLEACHED ENRICHED FLOUR [WHEAT FLOUR, NIACIN, REDUCED IRON, THIAMINE MONONITRATE, RIBOFLAVIN, FOLIC ACID], SEMI SWEET CHOCOLATE CHUNKS [SUGAR, CHOCOLATE, DEXTROSE, COCOA BUTTER, MILK, SOY LECITHIN], SUGAR, CANOLA OIL, PALM OIL, BAKING SODA, AMMONIUM PHOSPHATE, MOLASSES, HIGH FRUCTOSE CORN SYRUP, WHEY, SALT, SOY LECITHIN, CARAMEL COLOR, ARTIFICIAL FLAVOR), COCONUT OIL, MALTODEXTRIN, PROPYLENE GLYCOL MONOSTEARATE, CELLULOSE GEL, GUAR GUM, MONOGLYCERIDES, CAROB BEAN GUM, CARAMEL COLOR, CELLULOSE GUM, NATURAL FLAVOR.",Ice Cream & Frozen Yogurt,108.0,GRM,2023-07-13,United States,LI,chips ahoy
2509157,"WHEY PROTEIN 25 G POWDER, CHIPS AHOY!, CHIPS AHOY!",Ghost,GHOST,810085815556,"WHEY PROTEIN (WHEY PROTEIN ISOLATE 90% (SUNFLOWER LECITHINATED), WHEY PROTEIN CONCENTRATE 80% (SUNFLOWER LECITHINATED), HYDROLYZED WHEY PROTEIN ISOLATE), CHIPS AHOY! COOKIE PIECES (UNBLEACHED ENRICHED FLOUR (WHEAT FLOUR, NIACIN, REDUCED IRON, THIAMINE MONONITRATE, RIBOFLAVIN, FOLIC ACID), CHOCOLATE CHIPS (SUGAR, CHOCOLATE, DEXTROSE, COCOA BUTTER, MILK, SOY LECITHIN), SUGAR, SOYBEAN OIL, PARTIALLY HYDROGENATED COTTONSEED OIL, LEAVENING (BAKING SODA, AMMONIUM PHOSPHATE), SALT, MOLASSES, HIGH FRUCTOSE CORN SYRUP, WHEY, SOY LECITHIN, CARAMEL COLOR, ARTIFICIAL FLAVOR), NATURAL AND ARTIFICIAL FLAVOR, SALT, DIGESTIVE ENZYMES (PROTEASES, BROMELAIN, LACTASE), CELLULOSE GUM, XANTHAN GUM, SUCRALOSE","Energy, Protein & Muscle Recovery Drinks",39.0,GRM,2023-03-16,United States,LI,chips ahoy
2447086,"OREO & CHIPS AHOY! VANILLA AND CARAMEL WITH OREO AND CHIPS AHOY! COOKIE PIECES FROZEN DAIRY DESSERT, OREO & CHIPS AHOY!",Good Humor-Breyers Ice Cream,BREYERS,077567000897,"MILK, CORN SYRUP, OREO COOKIE PIECES (ENRICHED WHEAT FLOUR (WHEAT FLOUR, NIACIN, REDUCED IRON, THIAMINE MONONITRATE, RIBOFLAVIN, FOLIC ACID), SUGAR, PALM AND/OR CANOLA OIL, COCOA PROCESSED WITH ALKALI, INVERT SUGAR, LEAVENING (BAKING SODA AND/OR CALCIUM PHOSPHATE), SOYBEAN LECITHIN, SALT, CHOCOLATE, NATURAL FLAVOR), FRUCTOSE, CHIPS AHOY! CHOCOLATE CHIP COOKIES (UNBLEACHED ENRICHED WHEAT FLOUR, SEMI-SWEET CHOCOLATE CHUNKS (SUGAR, CHOCOLATE, COCOA BUTTER, DEXTROSE, MILK, SOY LECITHIN), SUGAR, CANOLA OIL, PALM OIL, HIGH FRUCTOSE CORN SYRUP, LEAVENING, SALT, ARTIFICIAL FLAVORING, CARAMEL COLOR, NATURAL FLAVOR), COCONUT OIL, LESS THAN 2% OF: WHEY, CREAM, SUGAR, HIGH FRUCTOSE CORN SYRUP, VEGETABLE GUMS (GUAR, CAROB BEAN), MONO AND DIGLYCERIDES, NONFAT MILK SOLIDS, BUTTER (CREAM, SALT), CARAMEL (FOR COLOR), MOLASSES, SALT, PECTIN, NATURAL FLAVOR, ANNATTO (FOR COLOR).",Ice Cream & Frozen Yogurt,83.0,g,2023-01-26,United States,LI,chips ahoy
1458457,CHIPS AHOY! COOKIES 1X0.770 OZ,Mondelez USA,CHIPS AHOY!,00044000045326,"INGREDIENTS: UNBLEACHED ENRICHED FLOUR (WHEAT FLOUR, NIACIN, REDUCED IRON, THIAMINE MONONITRATE {VITAMIN B1}, RIBOFLAVIN {VITAMIN B2}, FOLIC ACID), SEMISWEET CHOCOLATE CHIPS (SUGAR, CHOCOLATE, COCOA BUTTER, DEXTROSE, MILK, SOY LECITHIN), SUGAR, CANOLA OIL, PALM OIL, HIGH FRUCTOSE CORN SYRUP, LEAVENING (BAKING SODA, AMMONIUM PHOSPHATE), SALT, ARTIFICIAL FLAVOR, CARAMEL COLOR, NATURAL FLAVOR.",Biscuits/Cookies,22.0,g,2021-03-19,United States,GDSN,chips ahoy
1459936,10.00OZ TOSTITOS SCOOPS,Pepsico Inc.,Tostitos,00028400018432,"Corn, Vegetable Oil (Corn, Canola and/or Sunflower Oil), and Salt.",Snacks,28.0,g,2021-03-19,United States,GDSN,tostitos
1457373,45.00OZ TOSTITOS QUESO,Pepsico Inc.,Tostitos,00028400074698,"Water, Skim Milk, Monterey Jack Cheese (Milk, Cheese Cultures, Salt, Enzymes), Vegetable Oil (Corn, Sunflower and/or Canola Oil), Modified Corn Starch, Diced Tomatoes in Tomato Juice, Jalapeno Peppers, Chile Peppers, Red Bell Peppers, Maltodextrin (Made from Corn), and 2% or Less of the Following: Salt, Cheddar Cheese (Milk, Cheese Cultures, Salt, Enzymes), Natural Flavors (Including Natural Cheddar Flavor), Sodium Hexametaphosphate, Monosodium Glutamate, DATEM, Sodium Phosphate, Spice, and Artificial Color (Yellow 5, Yellow 6).",Sauces/Spreads/Dips/Condiments,34.0,g,2021-03-19,United States,GDSN,tostitos
1457678,Tostitos Scoops 14.5z,Pepsico Inc.,Tostitos,00028400152402,"Corn, Vegetable Oil (Corn, Canola and/or Sunflower Oil), and Salt.",Snacks,28.0,g,2021-03-19,United States,GDSN,tostitos
1460494,Tostitos Multi-grain 9.75z,Pepsico Inc.,Tostitos,00028400148085,"Corn, Vegetable Oil (Corn, Canola and/or Sunflower Oil), Whole Corn, Corn Starch, Whole White Wheat, Whole Triticale, Whole Oats, Whole Rye, Whole Barley, Salt, Whole Millet, Whole Buckwheat, Ancho Pepper, Sugar,  Brown Rice, Toasted Onion, Tomato Powder, Maltodextrin (Made from Corn), Spices, Onion Powder, Red Bell Pepper, Sour Cream (Cultured Cream, Skim Milk), Roasted Red Bell Pepper, Skim Milk, Sun Dried Tomato Powder, Yeast Extract, Citric Acid, Natural Flavors, Garlic Powder, Roasted Garlic, Smoked Paprika, Whey Protein Isolate, Paprika Extracts, Milk Protein Concentrate, Lactose, and Buttermilk.",Snacks,28.0,g,2021-03-19,United States,GDSN,tostitos
1633676,"TOSTITOS, CREAMY SPINACH DIP",Frito-Lay Company,TOSTITOS,028400076739,"WATER, SPINACH, SUNFLOWER OIL AND/OR CANOLA OIL, RED BELL PEPPERS, WATER CHESTNUTS, WHEY PROTEIN CONCENTRATE, AND LESS THAN 2% OF THE FOLLOWING: ONIONS, MODIFIED TAPIOCA AND CORN STARCH, SALT, SUGAR, VINEGAR, GARLIC POWDER, LACTIC ACID, NATURAL FLAVOR, XANTHAN GUM, DATEM, TORULA YEAST EXTRACT MONOSODIUM GLUTAMATE, AND CITRIC ACID.",Dips & Salsa,32.0,g,2021-03-19,United States,LI,tostitos
1633707,"LAY'S, POTATO CHIPS",Frito-Lay Company,LAY'S,028400422109,"POTATOES, VEGETABLE OIL (SUNFLOWER, CORN, AND/OR CANOLA OIL), AND SALT.","Chips, Pretzels & Snacks",28.0,g,2021-03-19,United States,LI,lays chips
1629971,"LAY'S, POTATO CHIPS",Frito-Lay Company,LAY'S,028400421737,"POTATOES, VEGETABLE OIL (SUNFLOWER, CORN, AND/OR CANOLA OIL), AND SALT.","Chips, Pretzels & Snacks",28.0,g,2021-03-19,United States,LI,lays chips
1595562,"LAY'S, POTATO CHIPS",Frito-Lay Company,LAY'S,028400626248,"POTATOES, VEGETABLE OIL (SUNFLOWER, CORN AND/OR CANOLA OIL), SZECHUAN CHICKEN SEASONING (BROWN SUGAR, MALTODEXTRIN [MADE FROM CORN], SALT, SUGAR, SOY SAUCE [SOYBEANS, WHEAT, SALT], SPICES [INCLUDING PARSLEY], YEAST EXTRACT, GARLIC POWDER, NATURAL FLAVOR [INCLUDING NATURAL SZECHUAN WOK TYPE FLAVOR], ONION POWDER, RED BELL PEPPER, MOLASSES, CARAMEL COLOR, CITRIC ACID, ROASTED SZECHUAN PEPPER, CHICKEN BROTH, CHICKEN POWDER, CHICKEN FAT, AND SUNFLOWER OIL.)","Chips, Pretzels & Snacks",28.299999237060547,g,2021-03-19,United States,LI,lays chips
1518547,"SABRITAS, LAY'S, LAY'S POTATO CHIPS, LIMON, LIMON",Frito-Lay Company,SABRITAS,028400396394,"POTATOES, VEGETABLE OIL (SUNFLOWER, CORN, AND/OR CANOLA OIL), LIMON SEASONING (MALTODEXTRIN [MADE FROM CORN], SALT, CITRIC ACID, SUGAR, AND NATURAL FLAVORS [INCLUDING NATURAL LIME FLAVOR]).","Chips, Pretzels & Snacks",49.599998474121094,g,2021-03-19,United States,LI,lays chips
1633665,"LAY'S, CLASSIC POTATO CHIPS",Frito-Lay Company,LAY'S,028400421584,"POTATOES, VEGETABLE OIL (SUNFLOWER, CORN AND/OR CANOLA OIL), AND SALT.","Chips, Pretzels & Snacks",28.0,g,2021-03-19,United States,LI,lays chips
2739267,Lucky Charms Cereal,GENERAL MILLS SALES INC.,Lucky Charms,00016000169678,"Whole Grain Oats, Sugar, Whole Grain Corn, Corn Starch, Corn Syrup, Dextrose. Contains 2% or less of: Salt, Modified Corn Starch, Gelatin, Trisodium Phosphate, Red 40, Yellow 5 & 6, Blue 1, Natural and Artificial Flavor. Vitamin E (mixed tocopherols) Added to Preserve Freshness.Vitamins and Minerals: Calcium Carbonate, Vitamin C (sodium ascorbate), Iron and Zinc (mineral nutrients), A B Vitamin (niacinamide), Vitamin B6 (pyridoxine hydrochloride), Vitamin B1 (thiamin mononitrate), Vitamin A (palmitate), Vitamin B2 (riboflavin), A B Vitamin (folic acid), Vitamin B12, Vitamin D3.",Processed Cereal Products,36.0,GRM,2025-07-24,United States,GDSN,lucky charms
2738997,Lucky Charms Cereal,GENERAL MILLS SALES INC.,Lucky Charms,00016000144682,"Whole Grain Oats, Sugar, Whole Grain Corn, Corn Starch, Corn Syrup, Dextrose. Contains 2% or less of: Salt, Modified Corn Starch, Gelatin, Trisodium Phosphate, Red 40, Yellow 5 & 6, Blue 1, Natural and Artificial Flavor. Vitamin E (mixed tocopherols) Added to Preserve Freshness.Vitamins and Minerals: Calcium Carbonate, Vitamin C (sodium ascorbate), Iron and Zinc (mineral nutrients), A B Vitamin (niacinamide), Vitamin B6 (pyridoxine hydrochloride), Vitamin B1 (thiamin mononitrate), Vitamin A (palmitate), Vitamin B2 (riboflavin), A B Vitamin (folic acid), Vitamin B12, Vitamin D3.",Processed Cereal Products,36.0,GRM,2025-07-24,United States,GDSN,lucky charms
2747461,Lucky Charms Cereal,GENERAL MILLS SALES INC.,Lucky Charms,00016000124998,"Whole Grain Oats, Sugar, Whole Grain Corn, Corn Starch, Corn Syrup, Dextrose. Contains 2% or less of: Salt, Modified Corn Starch, Gelatin, Trisodium Phosphate, Red 40, Yellow 5 & 6, Blue 1, Natural and Artificial Flavor. Vitamin E (mixed tocopherols) Added to Preserve Freshness.Vitamins and Minerals: Calcium Carbonate, Vitamin C (sodium ascorbate), Iron and Zinc (mineral nutrients), A B Vitamin (niacinamide), Vitamin B6 (pyridoxine hydrochloride), Vitamin B1 (thiamin mononitrate), Vitamin A (palmitate), Vitamin B2 (riboflavin), A B Vitamin (folic acid), Vitamin B12, Vitamin D3.",Processed Cereal Products,36.0,GRM,2025-12-18,US,GDSN,lucky charms
2234042,Lucky Charms Cereal,GENERAL MILLS SALES INC.,Lucky Charms,00016000126831,"Whole Grain Oats, Sugar, Corn Starch, Modified Corn Starch, Corn Syrup, Dextrose. Contains 2% or less of: Salt, Gelatin, Trisodium Phosphate, Red 40, Yellow 5 &amp; 6, Blue 1, Natural And Artificial Flavor. Vitamin E (mixed tocopherols) Added to Preserve Freshness. Vitamins and Minerals: Calcium Carbonate, Vitamin C (sodium ascorbate), Iron and Zinc (mineral nutrients), A B Vitamin (niacinamide), Vitamin B6 (pyridoxine hydrochloride), Vitamin B1 (thiamin mononitrate), Vitamin A (palmitate), Vitamin B2 (riboflavin), A B Vitamin (folic acid), Vitamin B12, Vitamin D3.",Processed Cereal Products,159.0,g,2022-04-01,United States,GDSN,lucky charms
2745292,Lucky Charms Cereal,GENERAL MILLS SALES INC.,Lucky Charms,00016000141568,"Whole Grain Oats, Sugar, Whole Grain Corn, Corn Syrup, Corn Starch. Contains 2% or less of: Salt, Modified Corn Starch, Dextrose, Gelatin, Trisodium Phosphate, Red 40, Yellow 5 & 6, Blue 1, Natural and Artificial Flavor. Vitamin E (mixed tocopherols) Added to Preserve Freshness.Vitamins and Minerals: Calcium Carbonate, Vitamin C (sodium ascorbate), Iron and Zinc (mineral nutrients), A B Vitamin (niacinamide), Vitamin B6 (pyridoxine hydrochloride), Vitamin B1 (thiamin mononitrate), Vitamin A (palmitate), Vitamin B2 (riboflavin), A B Vitamin (folic acid), Vitamin B12, Vitamin D3.",Processed Cereal Products,48.0,GRM,2025-11-20,US,GDSN,lucky charms
