recall_number,product_description,reason_for_recall,recalling_firm,classification,status,voluntary_mandated,distribution_pattern,code_info,city,state,country,recall_initiation_date,report_date
F-0276-2017,"CytoDetox, Hydrolyzed Clinoptilolite Fragments, 1 oz./30 mL, OTC Non-Sterile.  Dietary supplement.",Recall initiated as a precautionary measure due to potential risk of product contamination with Burkholderia cepacia.,Pharmatech LLC,Class II,Terminated,Voluntary: Firm initiated,"FL, MI, MS, and OH.","UPC No. 632687615989; Lot No. 30661601, Exp. Date 05/2018.",Davie,FL,United States,20160808,20161102
F-0865-2017,"Koi Palace Mini Moon Cake: Single Box - Mini Oolong Tea Paste  Unit Size 1/2 lb. and 1/4 lb. in circular box (1 piece) and rectangular boxes (4, 6 or 8 pieces).","Mooncake products, manufactured and distributed by Magic Gourmet Trading, Inc. of Milbrae, CA did not have adequate product labeling, including ingredient statements and allergen declaration. Undeclared ingredients include wheat, peanut oil.",Magic Gourmet Trading Inc,Class II,Terminated,Voluntary: Firm initiated,"CA, WA, OR.","FG-M1MOT-UW  Best by Nov 1, 2016.",Millbrae,CA,United States,20160831,20170118
F-0609-2015,Crema GuateLinda (Guatemalan Style Cream) in individually soft poly/plastic bags labeled in part: Lacteos Santa Martha Crema GuateLinda Guatemalan Style Cream Net WT 1 LB (16 oz),"Virginia State (VDACS) found Listeria monocytogenes in Lacteos Santa Martha Quesito Casero Fresh Curd (Best by 9/27/14), FDA made an inspection, were the environmental samples collected came up positive also for Listeria monocytogenes, also the Oasis Brands Inc. sent finish products samples to a private lab, the Lacteos Santa Martha Cuajada en Hoja Queso Casero Hecho a Mano Fresh Curd (Best By dates of 10/18/14 and 11/25/14) came also positive for Listeria monocytogenes.  Oasis Brands Inc.  is voluntarily recalling ALL their Lacteos Santa Martha brand products manufactured that are within expiration date.","Oasis Brands, Inc",Class I,Terminated,Voluntary: Firm initiated,"FL, GA. NC, and TN",UPC 635349 000390  Best By dates: 07/01/14 thru 12/31/14,Miami,FL,United States,20141010,20141210
F-1922-2012,"Yellow Onion.  Product is labeled in part:  ""***FC Salsa Mango""***Refrigerate at 34 F***""      Item #   302940 FC SALSA MANGO 2/5#.        Product is fresh made - Ready To Eat.","FreshPoint South Florida is recalling sliced fresh yellow onions and salsa products processed using yellow onions sourced from Gills Onions, LLC which were recalled for Listeria monocytogenes.",FreshPoint South Florida,Class I,Terminated,Voluntary: Firm initiated,Products were distributed in South Florida.,Item #   302940.,Pompano Beach,FL,United States,20120727,20120815
F-0904-2020,"Pure Planet Organic Parasite Cleanse;  Net Wt. 174g Glass Jar;  Finished Product Item # 52700    Manufactured and Distributed by:  Pure Planet,  Rancho Dominguez, CA",Firm was notified by supplier that Organic Ground Flaxseed powder was under recall by manufacturer due to unapproved herbicide - Haloxyfop,"Organic By Nature, Inc.",Class III,Terminated,Voluntary: Firm initiated,"nationwide, Canada and Netherlands",Lot codes: 72746,Rancho Dominguez,CA,United States,20200224,20200401
F-1578-2018,"Coffee Toffee - 4 oz. packages. UPC 6 55974 89001 2.    The label is read in parts: ""***Ingredients: butter (milk), sugar, bittersweet chocolate 60% (cocoa liquor, emulsifier, soya lecithin, vanilla), coffee, pecans *** Contains: milk & soya ***"".",Coffee Toffee is recalled because pecan is listed on the Ingredients statement but it is not listed in the Contains statement.,Yukon Jackson,Class III,Terminated,Voluntary: Firm initiated,distributed in WA,no codes,Seattle,WA,United States,20180525,20180620
F-0921-2020,"XinXing Dried Plum, Net Wt. 5.3 oz.(150g)","Product contains dried peaches, but front labeling of product stated dried plums",Rong Shing Trading NY Inc,Class III,Terminated,Voluntary: Firm initiated,Unknown,UPC CODE: 6868978724496  BEST BEFORE: 11/15/2021,Brooklyn,NY,United States,20200401,20200506
F-2326-2017,"Honey Bourbon Pecans Net Wt. 20 lb. (9.088g) Mfg. By: Trophy Nut Co. Tipp City, OH 45371",The firm stated that the product contains undeclared allergens.,Trophy Nut Co Inc,Class II,Terminated,Voluntary: Firm initiated,Product was sent to one manufacturer in MI,"Product #29973B  Code Dates: 10/20/2016, 11/8/2016, 11/9/2016 & 01/12/2017.",Tipp City,OH,United States,20170505,20170614
F-0777-2015,"Gourmet Mix Fruit Delight Net Wt. 64 oz. (1814g) Best If Enjoyed By: 12/03/14, Dist. By: Wegmans Food Markets, Inc., Rochester, NY 14603 UPC 077890241516",Possible contamination with Listeria monocytogenes.,"Del Monte Fresh Produce NA, Inc",Class I,Terminated,Voluntary: Firm initiated,"NJ, NY, OH, PA, RI, VA",Lot 02332101,Jessup,MD,United States,20141209,20150121
F-0757-2022,Marketside 12oz Classic Salad  UPC:6-81131-32894-4  SKU: 3107,Harvest equipment used in harvesting raw iceberg lettuce was tested by  Dole and found to contain Listeria monocytogenes.,Dole Fresh Vegetables Inc,Class I,Terminated,Voluntary: Firm initiated,"Canada: AB, BC, NB, ON, QC, Sk; United States: AL, AZ, CA, CO, CT, FL, GA, HI, IA, ID, IL, IN, KS, KY, LA, MA, MD, MI, MN, MO, MS, NC, ND, NE, NV, NY, OH, OK, OR, PA, SC, TN, TX, UT, VA, WA, WI","Product codes beginning with B - Best by Dates of December 23, 2021 through January 8, 2022.",Monterey,CA,United States,20220106,20220302
F-1415-2015,"TranSmart Raspberry Filled frozen unbaked cookie dough, 108/1.75 oz. units, CSM Bakery Products, 3301 Montreal Industrial Way Tucker, GA 30084..",Undeclared Allergen; Peanuts.,CSM Bakery Products NA-Atlanta Frozen,Class I,Terminated,Voluntary: Firm initiated,"AL, GA, FL, IL, IN, MA, MD, MI, NJ, NY, NV, OH, PA and VA.","CSM Item Code: 31566200, Lot code: 5AF 1411901030",Tucker,GA,United States,20140626,20150318
F-1328-2018,Market Pantry Vanilla Ice Cream 128oz    UPC: 85239014943    Target item number: 288-7-307,Shipping container from CA to HI was not held at proper temperature which could cause food items to be contaminated with spoilage organisms or pathogens,Target Corporation,Class II,Terminated,Voluntary: Firm initiated,HI,"All product purchased at  Target store T2780, Honolulu, HI from March 23 through March 27, 2018.",Minneapolis,MN,United States,20180327,20180509
F-0616-2018,"Golden delicious whole fresh apples,   Apple Ridge 5lb, 2-3/4  apples, packaged in red net mesh bags  ""	3lb, 2-1/2  apples, packaged in poly bags  ""	2lb, 2-1/2  apples, packaged in poly bags  ""	45ct individual apples on trays with re-useable plastic container boxes  ""	50ct, individual apples on trays with re-useable plastic container boxes  ""	55ct, individual apples on trays with re-useable plastic container boxes  ""	60ct  individual apples on trays with re-useable plastic container boxes  ""	78ct individual apples on trays with re-useable plastic container boxes  ""	50ct, individual apples on trays in cardboard tray  boxes  ""	55ct, individual apples on trays in cardboard tray  boxes",Nyblad Orchards Inc. initiated a voluntary recall of multiple varieties of whole fresh apples due to potential contamination with Listeria monocytogenes.,Nyblad Orchards,Class I,Terminated,Voluntary: Firm initiated,Domestic: Michigan    Foreign/VA/DOD: None,"NOI LOT #163, #164, #165, #166, #167, #168, #169, #159, #160, #173, #174.  These are on all plastic bag enclosures, mesh labels, and case labels for every pack.",Kent City,MI,United States,20171214,20180117
F-1472-2022,"Honey Caramels Blue Raspberry. Product available in 5.87 oz. bag, 1 lb. bag, 3 lb. bag, 6 lb. bag. PLU Code for 5.87 oz. bag: 788394 12675 8.","Products may potentially contain one or more of the following undeclared tree nuts: Pecans, Almonds, Coconut, Macadamia Nuts, & Walnuts.","Queen Bee Gardens, LLC",Class II,Terminated,Voluntary: Firm initiated,"Ten retail locations owned by Queen Bee in CO, NM, WY and nationwide via internet sales.",None,Lovell,WY,United States,20220428,20220727
F-1671-2024,"1. Palmer Candy Drizzled Caramel Corn, Item 19271, Net Wt. 16/5oz tubs, UPC 77343 19271 2. Meijer Drizzled Caramel Popcorn Snack Bowl, Net Wt. 12oz, UPC 60236 18830, 8/12oz case",Potential salmonella contamination,Palmer & Company,Class I,Terminated,Voluntary: Firm initiated,Nationwide United States and Canada,1. Best by date: 1/22/25 2. Best by date: 1/22/25,Sioux City,IA,United States,20240503,20240814
F-0894-2018,"Grape Fanta, Grape Flavored Soda, 12 oz (355 mL) cans, packed in 12 packs, Canned under the authority of the Coca-Cola Company, Atlanta, GA",Sharp edges were observed on several of the cans which have the potential of causing cuts on the mouths of consumers who use the product.,Heartland Coca-Cola Bottling Company,Class II,Terminated,Voluntary: Firm initiated,"Distributed to retail stores in AR, IA, IL, KS, MO, and NE.",Oct 08 18 LXC,Lenexa,KS,United States,20180212,20180314
F-1233-2022,ELITE MILK CHOCOLATE COATED RICE CAKES  UPC:815871011884	NET WT 2.47OZ (70 g),Potential contamination with Salmonella,ELITE CONFECTIONERY LTD,Class I,Terminated,Voluntary: Firm initiated,Distributed in the US nationwide,All lots,Nof Ha-Galil,,Israel,20220428,20220615
F-1170-2024,"H&NATURAL 2 PACK! BRAZIL SEED 60 PIECES, PURE NATURAL SEMILLA DE BRASIL FOR 60 DAYS, 5 GRAMS PER BOX, 2 BLACK BOXES.",Product recalled due to the presence of yellow oleander and its components in the product.,HandNatural,Class I,Ongoing,Voluntary: Firm initiated,Firm is  100% internet sales. Distribution is unknown at this time.,No Lot code on label. Expiration date listed as 05/24 and 03/24.,San Luis,AZ,United States,20240209,20240424
F-2387-2014,"Tiny Isle Chocolate Truffles Macadamia Nut: Gluten Free, Raw, Vegan; individual 1 oz. candies,    Tiny Isle  5915 Olohena Road, Unit H  Kapaa, HI 96746",Candy was made using carob powder that is currently under recall by the direct supplier due to potential Salmonella contamination.,"Florimont, Inc.",Class I,Terminated,Voluntary: Firm initiated,HI only,UPC for single truffles: 11386711886    No lot codes or expiry dates,Kapaa,HI,United States,20140725,20140903
F-1354-2023,"San Marco Premium Dough on Parchment: packaged as 8in, 14in",Undeclared Allergen - Soy Flour,Cassanos Inc,Class II,Terminated,Voluntary: Firm initiated,"Distributed to: CO, FL, IN, IL, KY, MI, OH, PA, WV","Lot: 159, 186 Expiration Date: 12/07/23, 01/03/24 Product No. 4226, 4227",Dayton,OH,United States,20230718,20230809
F-1540-2017,foxy's california pistachio  1 Pint,Potential Listeria monocytogenes contamination.,"Altijira Murray Products, LLC",Class I,Terminated,Voluntary: Firm initiated,"U.S. distribution to the following; CA, NY.    No foreign distribution.","Best By: March 17th 2017, March 18th 2017, March 19th 2017, March 20th 2017",Ventura,CA,United States,20161220,20170308
H-0552-2026,"Lowes Foods sour cream and onion flavored potato chips, 8oz. bag, UPC 7 41643 05576 6, 9 retail units per case","Inaccurate nutritional data in Nutrition Facts including but not limited to, understated sodium content. Undeclared ingredients including but not limited to, monosodium glutamate.",Uncle Ray's LLC,Class II,Ongoing,Voluntary: Firm initiated,NC,"21FEB2026, 28FEB2026, 12MAR2026, 19MAR2026, 02APR2026, 01JUL2026, 15JUL2026, 01OCT2026, 22OCT2026, 19NOV2026, 09DEC2026",Detroit,MI,United States,20260225,20260318
F-1643-2017,"Trader Joe's First Crush Unsweetened Gravenstein Apple Sauce;   24 oz. glass jar.  Best Before date stamped on top of lid.    UPC:00015905     Distributed by Trader Joe's, Monrovia, CA",Manzana Products Co. is initiating a recall of three varieties of apple sauce after receiving customer complaints or finding small pieces of glass in the product.,"Manzana Products Co.,  Inc.",Class II,Terminated,Voluntary: Firm initiated,Nationwide.,"ALL CODES  Through AUG 08, 2018",Sebastopol,CA,United States,20170224,20170329
F-1681-2015,EST -700 Calcium,Health One Pharmaceuticals is recalling dietary supplements due to significant violations of the cGMP regulations for dietary supplements.,Health One Pharmaceuticals Inc,Class II,Terminated,Voluntary: Firm initiated,"Nationwide in US: CA, TN, WA, ID,     and worldwide:  Hong Kong, Vietnam, China, Singapore",8520,City Of Industry,CA,United States,20150204,20150408
F-3091-2015,"Red Tart Pitted Cherries, Straight Packed (No Sugar),  5 lbs. bulk pails, 30 lbs, in bulk pails","Potential for adulteration - elevated mold, yeast, and coliform counts","Coloma Frozen Foods, Inc.",Class II,Terminated,Voluntary: Firm initiated,"Domestic: MI, IN, IL, WI, MO, NE, OH    Foreign: Canada  DOD/VA: None",Lot Codes: 15190  15191  15196  15198  15200  15201  15202  15203  15204  15205  15212  15215  43145  43146  43147  43148  43149  43150  43151  43152  43153  43155  43156  43157  43158  43159  43160  43161  43162  43163  43164  43165  43166  43167  43168  43169  43170  43171  43172  43173  43174  43175  43176  43177  43178  43179  43180  43181  43182  43183  43184  43583  43584  43585  43586  43587  43588  43589  43590  43591  43592  43593  43594  43595  43596  43597  43598  43599  43600  43601  43602  43603,Coloma,MI,United States,20150807,20150916
H-0088-2025,"Carley s Soft Baked Iced Lemon Cookies, 5.34oz Plastic Tray, clear film overwrap w/ Label, 12 units per case","Product has a misbranded Yellow Color.  Identified on label at  Artificial Yellow Color , and it should be identified as  FD&C Yellow #5",Carley's Inc.,Class II,Terminated,Voluntary: Firm initiated,"Product is shipped to wholesalers who further distribute to retail stores. Wholesalers are located in IL, MI, IA, LA, MD, PA, VA, MN, AL, TX, GA, SC, NY, NC, WV,",UPC Code: 7 40235 50011 0 Exp Date-Lot Code 01726-040225 11245-012825 031026-051425 061925-082324 080525-100924 081725-102124 091025-111424 061925-082324 112425-012825,Lake Forest,IL,United States,20250606,20250702
F-2085-2015,"Sabra Classic Hummus, 17oz Six Pack UPC 040822017497 / 301290  Sabra Dipping Co. LLC, White Plains, NY",Michigan Dept. of Agriculture collected a sample of Sabra Hummus that came up positive for L. Monocytogenes.  Baltimore District is  working with VDACS to investigate.,"Sabra Dipping Company, LLC",Class I,Terminated,Voluntary: Firm initiated,The product was distributed nationwide.,UPC/SKU    040822017497 / 301290,Colonial Heights,VA,United States,20150407,20150506
F-2543-2015,Blue Bell Ice Cream Blueberry Cheesecake Still a 1/2 Gal (2 QTS),Five patients who were treated in a single hospital in Kansas were infected with one of four rare strains of Listeria monocytogenes.,"Blue Bell Creameries, L.P.",Class I,Terminated,Voluntary: Firm initiated,"FL, GA, SC, NC, VA, OH, KY, TN, AL, MS, IN, IL, MT, AR, LA, TX, Ok, KS, NM, CO, WY, AZ, NV and Bermuda, Belize, Saudia Arabia, Yemen, Oman, UAE, Qatar, Egypt, Jordan, Kuwait, Dominican Republic, Panama, Turks and Caicos, Haiti, Trinadad and Tobago, Puerto Rico, Chile, Peru, China, Mexico, Philippines, Tortola, St. Thomas and St. Croix, Anguilla, St, Kitts and Nevis, Montserrat, and Dominica",all lot codes within expiry,Brenham,TX,United States,20150313,20150701
F-1892-2016,Integrated Food Service  Turkey Breast & Cheese Sandwich  on a Whole Grain French Roll  Code #C16001/160001,Potential Listeria monocytogenes contamination.,"Let's Do Lunch, Inc.",Class I,Terminated,Voluntary: Firm initiated,U.S. distribution nationwide.     No foreign distribution.,Lot #040115-050616,Gardena,CA,United States,20160523,20160817
F-0441-2019,"Vanilla Bean Ice Cream, 3 gallons",Products may be contaminated with  Listeria monocytogenes.,Working Cow Homemade Inc.,Class I,Terminated,Voluntary: Firm initiated,US Consignees only. No foreign nor government consignees.,"""8/29/2017 - 10/11/2018""",Saint Petersburg,FL,United States,20180928,20181121
F-1146-2013,Publix 7 inch Cookies Cream Layer Cake  Scale ID Number * 002-16466-00000 *The last five digits of the scale ID number contain the unit price. For example $4.99 would have the last five digits ending 00499.,Maplehurst Deli-Bake South Inc. the cake supplier notified Publix Super market of a contamination with Listeria Monocytogenes on 11/15/2012.,"Publix Super Markets, Inc.",Class I,Terminated,Voluntary: Firm initiated,Florida,"Recalled products were distributed from November 11, 2012 through November 15, 2012.",Lakeland,FL,United States,20121115,20130320
F-0913-2020,"Southern Sisters Gourmet Cheddar Garlic Biscuits, Net Wt 16 oz (453.6 g)",Undeclared allergen: Wheat  Undeclared colors: Yellow #5 and #6.,Southern Sisters Gourmet,Class II,Terminated,Voluntary: Firm initiated,"Distributed in the states of AL, AR, FL, GA, IL, LA, MS, OK, and TX.",Products are not coded.,Coldwater,MS,United States,20200128,20200401
F-1594-2024,"Marco Turkish Mocha Ice Cream 16 fl oz/1 pint, UPC 860001992885. Packaged in paper containers, 8 containers per case.",Possible contamination with Listeria monocytogenes,"Totally Cool, Inc.",Class II,Terminated,Voluntary: Firm initiated,Distributed nationwide.,All Best by Dates: 06/07/24 to 12/11/25 Codes between: 2312341 to 2406163,Owings Mills,MD,United States,20240613,20240807
F-0163-2018,"Stir Fry Kit,  Alaska Carrot, 1 x 11 lb. per case, UPC 45009 85749 1    The ingredient: Green cabbage, yellow onion, broccoli florette, carrot plugs.","Stir Fry Kit product is recalled due to possible contamination with Listeria monocytogenes. The broccoli used in processing this item has been recalled by vendor Mann Packing of Salinas, California.",Triple B Corporation,Class I,Terminated,Voluntary: Firm initiated,"distributed in Alaska, Idaho, Montana, Oregon, and Washington",Pack Date: 10/13/2017.  Use By: 10/20/2017,Seattle,WA,United States,20171020,20171108
F-0583-2019,"JY Spiderman Ice Cream, 3 gallons",Products may be contaminated with  Listeria monocytogenes.,Working Cow Homemade Inc.,Class I,Terminated,Voluntary: Firm initiated,US Consignees only. No foreign nor government consignees.,"""8/29/2017 - 10/11/2018""",Saint Petersburg,FL,United States,20180928,20181121
F-2441-2014,"Dole Baby Spinach:  Thoroughly Washed, Preservative Free, All natural  Net W.t6 oz. bag;  SKU 323  Perishable, keep refrigerated.  UPC 071430009642;    Dole Fresh Vegetables  Monterey, CA  93940",Green Walnuts from a tree dropped into spinach as it was being tractored away from the harvested field. Walnuts were discovered on the Dole spinach processing line,Dole Fresh Vegetables Inc,Class I,Terminated,Voluntary: Firm initiated,"One distribution center in AZ and retail stores in AZ, NM and NV.",Bag Code                        Expiration Date  B2311020  9/4/2014   B23110211 9/4/2014  B2311022  9/4/2014  B2311023  9/4/2014  B2311024  9/4/2014  B2311025  9/4/2014.,Monterey,CA,United States,20140827,20140924
F-1182-2015,"Pear Sorbet; Bulk product is labeled with flavor name and date code, which is affixed to the plastic container (1, 1.5 and 3 gallon).",The recalling firm was notified that raw materials used in producing the ice cream products have the potential to be contaminated with Listeria monocytogenes,Numbskull LLC,Class I,Terminated,Voluntary: Firm initiated,Washington and Idaho ice cream scoop shops and restaurants.,"All codes manufactured from January 1, 2014 - December 15, 2014. (""MMDD"" and ""XXXX""-Snoqualmie Gourmet Ice Cream Code)",Spokane Valley,WA,United States,20141223,20150218
F-1796-2013,"individual 2 oz chocolate macaroons packaged in plastic wrapper labeled as "" Jennies DUTCH CHOCOLATE MACAROON, 2 oz. Red Mill Farms, Inc., Brooklyn, NY"".",A recall was initiated as a result of an undeclared sugar ingredient in the labeling used for Jennies' Dutch Chocolate Macaroons.,Red Mill Farms,Class II,Terminated,Voluntary: Firm initiated,"PA, GA, NH.",Expiration dates 12/1/13 and 1/13/14.,Moosic,PA,United States,20130320,20130821
F-2473-2016,"1.5 oz PEANUT BUTTER COOKIES, 80/case",Savory Foods Inc. has initiated a voluntary recall due to the potential for contamination with Listeria monocytogenes.,"Savory Foods, Inc.",Class I,Terminated,Voluntary: Firm initiated,"Domestic: Jackson, MI; Toledo, OH; Grand Rapids, MI; Urbana, OH; Hudsonville, MI; Columbus, OH; Lansdale, PA; and Charlton, MA.    No Foreign or DOD/VA","1.5 oz PEANUT BUTTER COOKIES, 80/case; Product Code/Lot Code: 16033",Grand Rapids,MI,United States,20160211,20161012
F-0091-2013,"SYSCO Imperial	6520795	1/5# FRUIT MIX CHUNKS 3/4""	130249 & 130250	BEST BY 9/15/12 & 9/16/12, UPC# 1007 4865393314.","G.O. Fresh in Minnesota is voluntarily recalling specific cut items that contain cantaloupe, which has been recalled by DFI Marketing, Inc. due to potential Salmonella contamination.",G.O. Fresh,Class I,Terminated,Voluntary: Firm initiated,"Minnesota, Iowa, North Dakota and Wisconsin","BEST BY 9/15/12 & 9/16/12,",Minneapolis,MN,United States,20120913,20121017
F-1804-2018,"Homestyle Italian Seasoned Croutons:  1 lb. foil pouch  Item # 74384              Sugar Foods Corporation  6190 E. Slauson Ave.  Los Angeles, CA 90047",Recalled whey powder was used in further production of numerous food products.,Sugar Foods Corporation Inc,Class II,Terminated,Voluntary: Firm initiated,"CA, CO, UT, WA, GA, TX",2280703   Best By 4/3/2019,New York,NY,United States,20180720,20180808
F-1105-2014,"UT-Fem¿ FOR WOMEN, urinary tract SOLUTION, Dietary Supplement, 42 Vegetable Capsules, Product No. 110403, UPC 7 98304 24865 4 -- Manufactured for: Global Quality Health Inc.","The finished dietary supplement product was manufactured with ingredients subsequently found to be contaminated with chloramphenicol, an antibiotic, at levels above 0.3 ppb.  The supplier, Specialty Enzymes & Biotechnologies, recalled the raw materials and notified the recipients.  Subsequent private laboratory testing of the finished product revealed levels of chloramphenicol above 0.3 ppb.","Global Health Laboratories, LLC",Class II,Terminated,Voluntary: Firm initiated,New York,Lot Number 1256074,Amityville,NY,United States,20131107,20131225
H-0389-2026,"Shrimp Paste (Klong Kone) 'M' ,  16 oz, 24 count , PLastic Jar,  24 packages/ case",Product tested high for lead.,"GUSTO GROUP, INC.",Class II,Ongoing,Voluntary: Firm initiated,"The recalled product was distributed to the following states: IA, NJ",DPA159  Shrimp Paste (Klong Kone) 'M',Paterson,NJ,United States,20251119,20260121
F-0678-2024,MIX FRUIT ALOHA BOWL 3/48 OZ Packaged in clamshell container. UPC:840219170299,Potential Salmonella Contamination,"TGD Cuts, LLC",Class I,Terminated,Voluntary: Firm initiated,"Distributed in PA, NJ, MD, WV, SC VA, DE, NC, and NY",Use By Start Date: 11/2/2023  Use By End Date: 11/23/2023,Jessup,MD,United States,20231129,20231227
F-1216-2014,"Tuna Salad, Formula PT.60 packaged under these labels:    -Essentail Everyday Tuna Salad packaged in 6/12-oz (UPC 041303820285) carton cases. Distributed by Supervalu Inc., Eden Prairie, MN.    -Reser's Gourmet Tuna Salad packaged in 2/5-lb carton cases.  Reser's Fine Foods, Inc., Beaverton, OR.  UPC 071117855067",The recalled products are potentially contaminated with Listeria monocytogenes.,"Reser's Fine Foods, Inc.",Class I,Terminated,Voluntary: Firm initiated,"Distribution was made to AL, AR, AZ, CA, CO, CT, DE, FL, GA, HI, IA, IL, IN, KS, KY, LA, MA, MD, ME, MI, MO, MS, NC, NE, NH, NJ, NM, NV, NY, OH, OK, OR, PA, SC, SD, TN, TX, VA, WI, WV AND WY.   Distribution was also made to Canada.",Use by dates 10/10/13 - 11/29/13.,Beaverton,OR,United States,20131022,20140101
F-0020-2015,"CST Roma Tomatoes Whole Roma 1/25#  Origin: USA  Keep Refrigerated   UPC: 40000356942  Taylor Farms, Pacific, Tracy, CA 95376","Firm was notified by supplier that specific lots of ""expo fresh"" Roma tomatoes may be contaminated with Salmonella.",Taylor Farms Pacific Inc. (MacArthur Facility),Class I,Terminated,Voluntary: Firm initiated,"California, Arizona, Nevada, Washington",Packed on: 9/5/2014  Packed on: 9/6/2014,Tracy,CA,United States,20140912,20141022
F-1333-2024,"Grindsted Sweetlife CINN. Roll BAS Stabilizer & Emulsifier System, 22.68 kg/ 50 lb bag",Potential Salmonella Contamination,Danisco USA Inc.,Class I,Terminated,Voluntary: Firm initiated,"US: AZ, CA, CO, FL, IA, ID, IL, IN, KS, KY, MI, MN, MO, NE, NJ, NY, OH, OK, PA, TN, TX, UT, VA, WI; Canada, and Mexico",Lot number: 1204607256; 1204607257; 1204607258; 1204607259; 1204607260; 1204607261; 1204607262; 1204607264,New Century,KS,United States,20240503,20240612
F-3116-2017,"A96555, PREDUST X2, NET WT 50 LBS, Manufactured By: Newly Weds Foods, Inc., Chicago, IL 60639",Product may contain undeclared milk.,Newly Weds Foods Inc,Class II,Terminated,Voluntary: Firm initiated,"Nationwide, Mexico, Canada",Product #A96555; Lot #WN012117E,Chicago,IL,United States,20170503,20170726
F-0655-2013,"""Alcapurria Jueyes"" (Crab-filled fritters) - Food Service","Undeclared allergens: wheat, soy, crustacean shellfish (crab), and yellow #5","Fabrica Confecciones Soto, Inc.",Class II,Terminated,Voluntary: Firm initiated,PR only. Product sold by the firm at retail.,none,Canovanas,PR,United States,20120912,20121114
F-1159-2022,"POTATO RUSSET QUARTERED 2/10# (01)10886810715115(10)0016086772 71511 Best if used by: 03/25/22, 03/29/22, 04/05/22, 04/06/22, 04/12/22, 04/16/22, 04/20/22, 04/23/22 Ingredients: Potato, Sodium Metabisulfite",Sodium metabisulfite not declared on product label.,Liberty Fruit Co Inc DBA Carol's Cuts,Class I,Terminated,Voluntary: Firm initiated,"Distributed to food service locations in Kansas, Nebraska, Iowa, and Missouri.","Best if used by: 03/25/22, 03/29/22, 04/05/22, 04/06/22, 04/12/22, 04/16/22, 04/20/22, 04/23/22 Product #: 71511",Kansas City,KS,United States,20220506,20220615
F-1215-2019,"JOY GOL-GAPPA (PANI PURI) MASALA CONCENTRATE, NET WT 8 OZ (228g), UPC: 6 80617 60414 5",Product contains undeclared sulfites.,JOY GOURMET FOODS LLC,Class II,Terminated,Voluntary: Firm initiated,"CT, NY, NJ",0712  7/12/2019,Maspeth,NY,United States,20190225,20190320
F-0456-2018,Dark Chocolate Almond Bark 5oz &1lb Clear plastic tubs,Germack Roasting  is voluntarily recalling its Dark Chocolate Almond Bark following a supplier's recall due to undeclared allergen milk.,NUTCO Inc. dba Germack Pistachio Co.,Class II,Terminated,Voluntary: Firm initiated,"Unknown, firm would not provide a customer list, but identified there were mail order customers in their press release.","Product Codes: 088401520105, 1168, 1398    Best BY Date March 31 , 2018",Detroit,MI,United States,20171030,20171220
F-1065-2013,"POMEGRANATE DRINK  MIX.  Yoruk Prens Nar Net 400 g.  USA Distributor:  Ethnic Int. Holding Inc. 4 Corporate Drive, Cranbury, NJ 08512.  Tel. 609-395-8513.  Picture of pomegranate on label.","Yoruk Prens brand drink mix flavored Apple, Orange, Pomegranate, Cinnamon and Rosehip.  We were informed that these products include some colorants, which are not allowed to use in the USA as per a New York State Department of Agriculture and Markets sample analysis.",Ethnic International Holding Inc,Class II,Terminated,Voluntary: Firm initiated,"Connecticut, Georgia, Massachussets, Maryland, New Jersey, New York, Tennessee and Virginia.",Expiration date 1/04/2013.,Cranbury,NJ,United States,20121227,20130320
F-1928-2016,"Sun Life Natural Sunflower Spread with Maple in clear plastic jar with brown plastic lid, Net Wt. 12 oz.., UPC 855881003370. The responsible name on the label is Nu Life Market, LLC, Scott City, KS.",Product manufactured with roasted sunflower kernels which may be contaminated with Listeria monocytogenes.,Nu Life Market LLC,Class I,Terminated,Voluntary: Firm initiated,"Product was distributed to CA, IL, and MI. There was no foreign/military/government distribution.","lot 5225B1, best by 5/13/2016;",Scott City,KS,United States,20160519,20160824
F-0431-2017,"Hot Pepper Cheese, forty-five 40 lb. blocks",Farm Country Cheese House is conducting a voluntary recall of multiple vats of cheese due to inadequate pasteurization.,"Farm Country Cheese House, Inc.",Class II,Terminated,Voluntary: Firm initiated,Domestic: MI,"Made on 09/28/2016, Vat A",Lakeview,MI,United States,20161010,20161123
F-0718-2019,"Cap'n Crunch's Peanut Butter Crunch Cereal packaged in 17.1 ounce and 16.5 ounce cardboard boxes. Distributed by The Quaker Oats Company, Chicago IL",Product tested positive for Salmonella.,"Quaker Manufacturing, LLC",Class I,Terminated,Voluntary: Firm initiated,"Distributed to distribution centers in AR, IA, IL, KS, MO, NE",Lots 110218L and 110318L,Cedar Rapids,IA,United States,20181113,20181219
F-0597-2020,"Rachael's brand and Big Y brand Protein Snack Packs; containing one hard boiled egg, diced roasted turkey, and roasted almonds; packaged in 6x6 plastic containers, Net. wt. 4.25 oz.",Product may be contaminated with Listeria monocytogenes.,Rachael's Food Corporation,Class I,Terminated,Voluntary: Firm initiated,MA,"Production Dates: Dec 27, Dec 29, Dec 30, Jan 1  Rachael s code: 81190701592 and Big Y code: 01889490543",Chicopee,MA,United States,20191231,20200212
F-1039-2023,A53643	BREADER   X1	50.00	BAG,Products may contain Salmonella,"Newly Weds Foods, Inc.",Class I,Terminated,Voluntary: Firm initiated,"ALABAMA, ARKANSAS, CALIFORNIA, COLORADO, FLORIDA, GEORGIA, ILLINOIS, INDIANA, IOWA, KANSAS, KENTUCKY, LOUISIANA, MICHIGAN, MINNESOTA, MISSISSIPPI, MISSOURI, MONTANA, NEBRASKA, NEW JERSEY, NEW YORK, NORTH CAROLINA, OHIO, OKLAHOMA, OREGON, PENNSYLVANIA, TENNESSEE, TEXAS ,WISCONSIN.  CANADA.",SE102922A SE110722A,Chicago,IL,United States,20230526,20230712
F-0801-2025,New England Village Snacks The 19th Hole Snack Mix (5 oz. and 10 oz.),Contains undeclared almonds & undeclared sesame,"Better Business...Better Foods, Inc.",Class II,Ongoing,Voluntary: Firm initiated,NY and New England,UPC (5 oz.): 609465693477 UPC (10 0z.): 642147152459 All codes recalled,Milford,NH,United States,20250423,20250521
F-0459-2023,"Bistro To Go, Gourmet Cheese & Fruit Plate, Net Wt. 6 Oz. Single Serving, Keep refrigerated","On 02/03/2023, FRESH IDEATION FOOD GROUP, LLC dba Fresh Creative Cuisine of Baltimore, MD is  initiating a recall of  various products sold from January 24, 2023 through January 30, 2023 because the products have the potential to be contaminated with Listeria monocytogenes .","FRESH IDEATION FOOD GROUP, LLC dba Fresh Creative Cuisine",Class I,Terminated,Voluntary: Firm initiated,"The recalled product was distributed to the following states: MD, PA, DE, NY, DC, NJ, NC, CT, SC, VA, MA .",UPC Code : 813141021144,Baltimore,MD,United States,20230203,20230322
F-0857-2016,HSRG Cornmeal Breader NET WT 25 LB (11.33 kg),May contain small metal fragments from wire mesh sifter.,"C. H. Guenther & Son, Inc.dba Morrison Milling",Class III,Terminated,Voluntary: Firm initiated,Nationwide throughout the US,All lots,Denton,TX,United States,20151207,20160420
F-1759-2018,"Grizzlies Brand and Grizzlies Granolas Oregon Trail Mix consisting of chocolate chips, fruit, seeds, and nuts.      Product packaged in a cardboard box with a liner bag, net wt. 20 lbs., and was distributed to retailers for sale from their bulk bins.      The product's ingredients statement on the green label is read ""***Semi-sweet chocolate chips (sugar, chocolate, cocoa butter, soy lecithin, vanilla), hazelnuts, almonds, walnuts, pumpkin seeds, unsulphured peaches, sunflower seeds, raisins, cranberries (apple juice concentrate, sunflower oil)***"".    The product's ingredients statement on the ivory label is read ""***Semi-sweet chocolate chips (sugar, chocolate, cocoa butter, soy lecithin, vanilla), hazelnuts, almonds, walnuts, pumpkin seeds, sunflower seeds, raisins, cranberries (cranberries, apple juice, sunflower oil), Peaches, Raisins (Raisins, Sunflower Oil). No GMOs***"".",Grizzlies Brand and Grizzlies Granolas Oregon Trail Mix are recalled due to undeclared milk.,"Green Valley Group, LLC",Class I,Terminated,Voluntary: Firm initiated,"Idaho, Illinois, Oregon, and Washington","lot numbers are 23122, 23287, 23412, 23520, and 23578.    LOT OTM 23122 expires on 8/11/18.  LOT OTM 23287 expires on 9/19/18.  LOT OTM 23412 expires on 10/19/18.  LOT OTM 23520 expires on 11/16/18.  LOT OTM 23578 expires on 12/1/18.",Eugene,OR,United States,20180719,20180815
F-2016-2014,El Original pa' ya To Go by hot pandeyuca brand   Cheese Bread Pan de Queso Grande,"During an FDA inspection, it was discovered that the label of several products failed to declare the components ingredients of a butter flavor that included allergens FD&C Yellow #5, FD&C Yellow #6 and FD&C Red #40.",Hot Pandeyuca & Company Inc,Class II,Terminated,Voluntary: Firm initiated,FL and NC  Panama,Lot Codes 001 - 090,Hialeah,FL,United States,20140321,20140618
F-1306-2019,"Samira Food Products Vegeterian 100% Soy Chunk, Net Wt. 8oz",Failure to declare sulfites.,Traders West Inc,Class II,Terminated,Voluntary: Firm initiated,Domestic distribution only.,No lot or batch number.,Medley,FL,United States,20190328,20190501
F-1760-2013,"El Campestre Brand Ceviche Mixto, 2/5 lbs bulk containers into 1/10lbs carton.  Packaged in 2/5lbs white plastic buckets with lid and handle, into 1/10lbs carton.    Labeling reads in part:""CEVICHE MIXTO***NET WT..10 LBS***DIST.BY EL CAMPESTRE DIST TEL (562) 505-7247***"".","El Campestre initiated this recall due to the following reason: undeclared allergens: eggs, soy, wheat, and crab extract.",El Campestre,Class I,Terminated,Voluntary: Firm initiated,CA,Product is not coded with lot numbers.    Expiration date 06/01/13,Compton,CA,United States,20130613,20130807
F-2425-2016,"UPC  071725748010,	Sunflower Seeds Roasted and Salted, Best By/Date Code: 11/27/2016.    UPC  007172524140,	Amport Roasted and Salted Sunflower Seeds, Best By/Date Code:11/26/2016.    639277348319,Naturally Select  Roasted and Salted Sunflower Seed, Best By/Date Code: 3/1/2017.    UPC  071725241351,	Amport Foods Sunflower Seeds Roasted & Salted, Best By/Date Code:12/3/2016,12/26/2016, 12/12/2016 .    UPC 071725748010,	Amport Foods Sunflower Seeds Roasted & Salted, Best By/Date Code:12/31/2016,12/26/2016, 1/14/2017 .    UPC 071725241405,	Amport Foods Sunflower Seeds Roasted & Salted, Best By/Date Code:1/7/2017 .",TreeHouse Foods is recalling products that may be impacted by sunflower seeds  contaminated with Listeria monocytogenes.,Treehouse Foods,Class I,Terminated,Voluntary: Firm initiated,"US: AL, AZ, AR, CA, CO, CT, FL, IL, IN, IA, KS,KY, LA, ME, MD, MA, MI, MN,  MS,  MO, NE, NV, NM, NY, NC,ND, OH, OK, OR, PA,SC, TN, TX, UT, VA, WA, WI, WY.    OUS: HONDURAS, NICARAGUA, CHILE.","Best By/Date Code: 11/26/2016, 11/27/2016, .1/7/2017, 1/14/2017, 3/1/17, 12/31/2016, 12/26/2016, 12/12/2016, 12/3/2016.",Oak Brook,IL,United States,20160503,20161012
F-0625-2014,"Garden-Fresh Anti Pasto Salad Kit,       Product Code  0 11596 65634 2 ,	1/6 lb","Garden-Fresh Foods is recalling various ready-to-eat salads, slaw, and dip products sold under various brands and codes because they may be contaminated with Listeria monocytogenes.","Garden-Fresh Foods, Inc.",Class I,Terminated,Voluntary: Firm initiated,"CA, IL, IN, MA, MI,MN, MO, OH, PA, WI.",0 11596 65634 2  = 10/30/2013 - 11/6/2013,Milwaukee,WI,United States,20131030,20131211
F-0358-2022,"Livia One Organic Daily Topical Spray Probiotics;   4 oz. (120 ml)  UPC: 0 30915 10710 5     Recommended use: Topical: Spray affected area 2-5 times daily as needed.     Ingredients: Proprietary probiotic blend in an enzyme enriched substrate:  Lactobacillus-Acidophilus, L. Rhamnosus, L-Salivarius, L. Casei, L-Plantarum, Lactococcus-Lactis, Streptocuccus-Thermophilus, Bifidobacterium-Bifidum, B-Lactus, B-Infantis, B-Breve, B-Longum.  Made with water and a proprietary blend of three organic grasses    Livia Global Inc., Visalia, CA.",Probiotic products contaminated with Pseudomonas aeruginosa .,Livia Global,Class II,Terminated,Voluntary: Firm initiated,xx,"Lot #001005-1, BB 04/2023",Visalia,CA,United States,20211201,20211222
F-0465-2015,"Mama Tere Arepa de Blanca de Maiz White Corn Patty 14.1 oz/400g   5 units Product of Colombia Importado Por: Family Food Distributors, Inc. 969 Newark Turnpike, Kearny, NJ 07032  UPC 812828011676","Mama Tere Arepa de Moto, de Chocolo and and de Blanca de Maiz were found to be mislabeled.","Family Food Distributors, Inc.",Class II,Terminated,Voluntary: Firm initiated,"CT, IL, MD, NJ, NY,  & PA",None.,Kearny,NJ,United States,20140826,20141112
F-0559-2020,"GREY GHOST BAKERY scratch-made cookies LEMON SUGAR NET WT 1.4 OZ (40 G), UPC 8 53152 00308 1 , 4 OZ (113 G) UPC 8 53152 00332 6 & 8 OZ (225 G) UPC 8 53152 00307 4 GREY GHOST BAKERY 1750 SIGNAL POINT RD, STE 2A CHARLESTON, SC 29412",The product contains undeclared sulfites.,TFI Holding dba Grey Ghost Bakery,Class II,Ongoing,Voluntary: Firm initiated,"Product was shipped to the following states: AL, AR, AZ, CA, CO, CT, DC, DE, FL GA, HI, IA, ID, IL, IN, KS, KY, LA, MA, MD, MI, MN, MO, MS, NC, NH, NJ, NM, NY, OH, OK, OR, PA, SC, TN, TX, UT, VA, WA, WI & WY.","1612019, 1622019, 1632019, 1752019, 1772019, 1782019, 1802019, 1822019, 1892019, 1912019, 1962019, 1972019, 1982019, 2042019, 2052019, 2062019, 2082019, 2112019, 2132019, 2142019, 2192019, 2212019, 2252019, 2272019, 2282019, 2312019, 2332019, 2412019, 2542019, 2552019, 2572019, 2632019, 2682019, 2692019, 2712019, 2742019, 2752019, 2762019, 2772019, 2782019, 2822019, 2882019, 2912019, 2922019, 2952019, 2962019, 2972019, 3042019, 3062019, 3082019, 3102019, 3122019, 3172019, 3192019, 3212019, 3252019, 3282019, 3302019, 3362019, 3372019, 3382019, 3452019.",Charleston,SC,United States,20191217,20200115
F-0910-2022,"Woody's Smokehouse brand Yogurt Raisins, 12.3 oz. (348g), clear plastic bag with front and back labels, UPC 0 95248 65531 0. Packed especially for Woody's Smokehouse Inc., Centerville, TX 75833, 903-536-9663, Woody's-Smokehouse.com  Texas Best Smokehouse brand Yogurt Raisins, 8 oz. (226g), clear plastic bag with front and back labels, UPC 0 95248 32055 3. Packed especially for: Texas Best Smokehouse, 3302 S Eastman Rd., Longview TX 75602.  Snack-Worthy brand Yogurt Raisins, 10 oz. (283g), clear plastic tub with front and back labels, UPC 8 79114 00668 3. Distributed by Lehi Valley Trading Company, Mesa, AZ 85215 snackworthy.com.",Bags and tubs of yogurt covered raisins contained undeclared  peanuts.,"Lehi Valley Trading Co, Inc",Class I,Terminated,Voluntary: Firm initiated,Nationwide.,"Woody's Smokehouse - Lot Code: 222447, Best by: August 23, 2022 Texas Best - Lot Code: 222456, August 23, 2022 Snack Worthy - Lot Code: 222268, 09/12/22",Mesa,AZ,United States,20220211,20220406
F-0829-2023,Revolution Farms Zesty Southwest 6oz salad kit in plastic container UPC 856791008240,Listeria monocytogenes,Caledonia Facility of Revolution Farms LLC,Class I,Terminated,Voluntary: Firm initiated,"MI, OH, WI",Sell By 3/23/23,Caledonia,MI,United States,20230405,20230517
F-0377-2021,Kareem Chef Halva 1lb and 2lb sizes in plastic tub,Salmonella,KAREEM MART INC,Class I,Terminated,Voluntary: Firm initiated,"The recalled  Halva  were distributed through Mediterranean food stores and wholesalers in Michigan, Illinois, Missouri, New York, Ohio, North Carolina and  Pennsylvania.  Between March 2020 to Feb 2021.",Best Before 07-01-2022,Garden City,MI,United States,20210308,20210407
F-1267-2019,Commercial Breader Batter;  B56666 BREADER   X1;       50 pound bag,Corn flour which may contain small pieces of plastic.,Newly Weds Foods Inc,Class II,Terminated,Voluntary: Firm initiated,Commercial processors in:  ALABAMA  ARKANSAS  FLORIDA  GEORGIA  ILLINOIS  MASSACHUSETTS  MISSISSIPPI  NEBRASKA  NEW JERSEY  NORTH CAROLINA  NORTH DAKOTA  OKLAHOMA  TEXAS  WISCONSIN,NWF Product # B56666;  Lot: CD032119B,Chicago,IL,United States,20190322,20190417
F-0243-2017,"OSSIE'S PICKLED LOX & CREAM, NET WT. 8 OZ., UPC 739885104113; -- Far Rockaway, NY 11691 --- The product is packed in a plastic deli tub.",The products have the potential to be contaminated with Listeria monocytogenes based on the findings of the bacteria in the plant via FDA environmental sampling plus the district's inspectional findings,SM Fish Corp.,Class I,Terminated,Voluntary: Firm initiated,New York and New Jersey via retail stores,Best By date codes of 08/21/16 through 10/18/16,Far Rockaway,NY,United States,20160915,20161102
F-1308-2017,"Gourmet Cocoa Supreme, CP302141-12, NET WT. 12 LBS",Dutch-American foods is recalling various seasoning products and baking bases due to potential contamination of product with Salmonella.,Dutch-American Foods Inc,Class II,Terminated,Voluntary: Firm initiated,"MD, MI, IL, FL","Batch # 191951, 191952",Beecher,IL,United States,20161207,20170201
F-0428-2017,"White Cheddar Cheese, 40 lb. blocks",Farm Country Cheese House is conducting a voluntary recall of multiple vats of cheese due to potential contamination with Listeria monocytogenes.,"Farm Country Cheese House, Inc.",Class I,Terminated,Voluntary: Firm initiated,Domestic: MI,"Made on 09/23/2016, Vat A",Lakeview,MI,United States,20161010,20161123
F-0259-2013,#234 Bulk Watermelon	234	2.5 pounds  and #050 Watermelon Tray	16 ounces,"During an FDA inspection, microbiological swabs were collected and the results found that 21 sub samples in zones 1, 2 & 3 are positive for Listeria Monocytogenes (L.M.), Listeria innocua (L.I.) or Listeria seeligeri (L.S.). The firm is voluntarily recalling all products manufactured from August 20th to September 10th 2012 due to the possible contamination. All lots with sell by dates on or before",Spartan Central Kitchen,Class II,Terminated,Voluntary: Firm initiated,MI and OH only.,All with sell by dates on or before 15-Sep  with UPC 234 and 0-11213-90395,Grand Rapids,MI,United States,20120910,20121024
F-0543-2025,1. Chocolate Drizzled Birthday Cake Granola Bars 	25.5oz (30 bars) 2. Chocolate Drizzled Birthday Cake Granola Bars	4.2oz (5 bars) 3. Chocolate Drizzled Birthday Cake Granola Bars	17oz (20 bars) 4. Chocolate Drizzled Birthday Cake Granola Bars 	8.5oz (10 bars) 5. Chocolate Drizzled Birthday Cake Granola Bars 	4.2oz (5 bars)  6. Chocolate Drizzled Birthday Cake Granola Bars 0.85oz,may contain metal pieces,"Riverside Natural Foods, Ltd.",Class II,Completed,Voluntary: Firm initiated,nationwide,1. best by:01/09/2025 up to and including 06/16/2025 UPC: X002SSIRIF 2. best by: 01/09/2025 up to and including 09/21/2025 UPC: 687456214160 3. best by: 03/05/2025 up to and including 07/25/2025 UPC: 687456215594 4. best by: 01/09/2025 up to and including 09/04/2025 UPC: 687456215709 5. best by: 04/25/2025; 08/29/2025; 05/17/2025 UPC: 687456215815 6. best by: 12/12/2024 up to and including 09/21/2025 UPC: 687456914169,North York,,Canada,20241209,20250219
F-2992-2017,"B4016W, 910277 Breader, NET WT 40 LBS, Manufactured By:  Newly Weds Foods, Inc., Chicago, IL 60639",Product may contain undeclared milk.,Newly Weds Foods Inc,Class II,Terminated,Voluntary: Firm initiated,"Nationwide, Mexico, Canada",Product #B4016W; Lot #WN011817A;  WN022217A;  WN032917A;  WN041917A;  WN122116A,Chicago,IL,United States,20170503,20170726
F-1727-2019,"DANNON OIKOS TRIPLE ZERO GREEK VANILLA - 5.3OZ/4PK, UPC: 3663201953",Products were not held at an appropriate temperature due to a mechanical malfunction during transportation.,"C & S Wholesale Grocers, Inc.",Class II,Terminated,Voluntary: Firm initiated,"Two Target Stores 1. 98 Veterans Memorial Highway in Commack, New York 2. 160 North Research Place in Central Islip, New York","Exact codes are unknown. The product being recalled was sold on June 17, 2019 at Target Stores in Commack, NY and Central Islip, NY.",Westfield,MA,United States,20190617,20190731
F-1757-2012,"Kit item #30699-76, includes Mozzarella Sticks, 2.25 oz, 12bags/kit; Cheddar Bacon Skins, 3oz, 24 bags/kit; and Sour Cream & Onion Skins 3oz, 12bags/kit.    kit item#30679-11, 30679-12, and 30679-13, includes Mozzarella Sticks 2.25oz, 12bags/kit, Cheddar bacon skins 3oz, 24 bags/kit, and Sour Cream & Onion skins 3oz, 12bags/kit.    Kit Item#30845-A- Onion Ring Clip Strip, 2oz, 24 bag/clip strip.",Inventure Foods Inc. is recalling mozzarella sticks and onion rings because there may be a chance that there are tiny metal particles in their seasoning.,Inventure Foods,Class II,Terminated,Voluntary: Firm initiated,Nationwide in the US and in Canada,"Lot # FEB242013, FEB232014, FEB1713",Phoenix,AZ,United States,20120608,20120718
F-1994-2017,"French's Crispy Jalapenos Net Wt. 5 oz. (141.7g), UPC 0 41500 95309 0, French's Food Company.",Product may contain foreign objects: rocks and metal fragments.,"The French's Food Company, LLC SUBS Reckitt Benckiser",Class II,Terminated,Voluntary: Firm initiated,"Product was distributed to CA, KS, MN, MS, MT, OK, OR, TX, and WA.  Product was shipped to a military distributor on the west coast.","Best by May 25, 2018",Springfield,MO,United States,20170327,20170426
F-2232-2016,"Pictsweet(R) Seasoned Summer Vegetables, NET WT 12 OZ. (340g), DISTRIBUTED BY THE PICTSWEET COMPANY, BELLS, TN 38305, UPC 7056097622","Possible Listeria Monocytogenes contamination in bulk vegetables supplied by CRF Frozen Foods, LLC used in manufacturing several Pictsweet products.",The Pictsweet Company,Class I,Terminated,Voluntary: Firm initiated,Nationwide,"BEST IF USED BY: Aug 3 2016, Aug 5 2016, Nov 9 2016, Nov 10 2016; with Mfg Code ### # K # #",Bells,TN,United States,20160506,20160921
F-0202-2022,EveryPlate Meal Kit Product Codes 81-82-84-90-92-95-98-99 from Production Week 32 (production week start date: 08/04/2021),Products contain onions purchased from ProSource and associated with a Salmonella Oranienburg outbreak.,HELLOFRESH US,Class I,Terminated,Voluntary: Firm initiated,Nationwide.,Production Week: 08/04/2021 EveryPlate Product Code: 81-82-84-90-92-95-98-99 (Number sequence may vary),New York,NY,United States,20211022,20211124
F-1745-2017,"Luqman Cheese, White Cheddar, Net Wt. 8 oz.., Distributed by: Cumberland Valley Creamery, Mechanicsburg, PA",Multiple laboratory analysis found multiple instances where various cheeses exceed allowed limits of generic E. coli.,"Cumberland Valley Creamery, LLC",Class II,Terminated,Voluntary: Firm initiated,"MD, PA","All lots, all codes.",Mechanicsburg,PA,United States,20160607,20170405
F-0242-2015,"Good Herbs, Inc., FLOWER ESSENCE WILD ROSE, 1 & 4 oz bottle, 550 Oliver Dr Troy, MI 48084 The Quality Herb That Works",Products not manufactured under GMP's,"Good Herbs, Inc.",Class II,Terminated,Voluntary: Firm initiated,"National: AZ, CA, CT, FL, IN, ME, MI, MO, MS, NC, NH, NY, OH, OR, RI, TX, VA & WY  International: None reported","All Lots distributed on or after October 17, 2013",Troy,MI,United States,20140505,20141105
F-0655-2014,"Grandpas Artichoke Spinach Dip, Product Code 0 11596 55902 5,	1/5 lb;    Archer Farms Artichoke Spinach Dip, Product Code  0 85239 99015 5,	6/11 oz;  Archer Farms Artichoke Spinach Dip, Product Code 0 85239 69053 6,	4/18 oz;    Roundy's Artichoke Spinach Dip, Product Code  0 11596 06170 2,	6/12 oz","Garden-Fresh Foods is recalling various ready-to-eat salads, slaw, and dip products sold under various brands and codes because they may be contaminated with Listeria monocytogenes.","Garden-Fresh Foods, Inc.",Class I,Terminated,Voluntary: Firm initiated,"CA, IL, IN, MA, MI,MN, MO, OH, PA, WI.",0 11596 55902 5 = 11/15/2013 - 12/13/2013;    0 85239 99015 5 = 11/1/2013;   0 85239 69053 6=11/1/2013;    0 11596 06170 2= 11/8/2013 - 12/15/2013,Milwaukee,WI,United States,20131030,20131211
F-0827-2013,Garden Fresh Gourmet Nacho Cheese Tortilla Chips  14oz bags,Beginning 11/01/2012 Garden Fresh Gourmet recalled Garden Fresh Nacho Cheese Tortilla chips (exp 11/26/2012) because quality standards of ingredients used in the products were not met.,"Garden Fresh Salsa, Inc.",Class III,Terminated,Voluntary: Firm initiated,"Michigan, Indiana, New Jersey,",14 oz bag UPC 4767131090 Lot 112612  Best By 11/26/12,Ferndale,MI,United States,20121101,20121226
F-0848-2024,GRANDE     1.5OZ FRESH BOCCONCINI MOZZ 1/3#         SUPC/ITEM # 19132P,The food was not held at an appropriate temperature.  The holding temperature could affect spoilage and potentially support pathogen growth.,Greco Sidari,Class II,Terminated,Voluntary: Firm initiated,"OH, NY & PA","All Lot Codes Distributed between November 26, 2023 and January 5, 2024",Cleveland,OH,United States,20240111,20240214
F-1204-2014,"Reser's Tuna Salad Supreme, Formula PT.137 packaged in 2/5-lb carton cases. Reser's Fine Foods, Inc., Beaverton, OR.  UPC 071117141382",The recalled products are potentially contaminated with Listeria monocytogenes.,"Reser's Fine Foods, Inc.",Class I,Terminated,Voluntary: Firm initiated,"Distribution was made to AL, AR, AZ, CA, CO, CT, DE, FL, GA, HI, IA, IL, IN, KS, KY, LA, MA, MD, ME, MI, MO, MS, NC, NE, NH, NJ, NM, NV, NY, OH, OK, OR, PA, SC, SD, TN, TX, VA, WI, WV AND WY.   Distribution was also made to Canada.",Use by dates 10/12/13 - 11/27/13.,Beaverton,OR,United States,20131022,20140101
F-1352-2014,"Phenol Assist, Kirkman brand, Item # 0835-090",Firm is recalling dietary supplements containing a raw material which may contain >0.3 ppb chloramphenicol,Kirkman Group Inc.,Class II,Terminated,Voluntary: Firm initiated,distributed worldwide,"LOT numbers:  52640015,  53855003,  53855004.",Lake Oswego,OR,United States,20131115,20140108
F-0136-2017,"MINI DEEP DISH MUSHROOM PIZZA, 200 CT, Prepared by: Kabobs, 54234 North Lake Dr. Lake City, GA 30260.",Product was manufactured with flour recalled due to E. coli O121 contamination.,Kabobs Inc,Class II,Terminated,Voluntary: Firm initiated,"AR, CA, CO, CT, FL, GA, IL,IN, IO, KY, LA, MA, MD, MI, MN, MO, NC, NJ, NY, NV, OK, OH, OR, PA, TN, TX WA, and WI.","Item number: K7954, Lot/Julian Code: PM15M18 / 15352 and PM15M17 / 15351.",Lake City,GA,United States,20160706,20161026
F-2329-2015,"Oregano, Mediterranean ground, stock code 03355, packaged in 0.2 lb., .75 lb., 0.8 lb., 1 lb., 4 lbs., 10 lbs., 15 lbs., 25 lbs., or 50 lbs. container.    The UPC for 50 lbs. container is 0 23605 03355 6.",Bulk ground oregano is recalled due to contamination with gluten (wheat allergen),"Regency Group, Inc., The",Class II,Terminated,Voluntary: Firm initiated,"distributed in AK, AZ, CA, ID, MT, OR, UT and WA.",Lot 03355-140121,Portland,OR,United States,20150430,20150603
F-1050-2016,"Blue Ridge Farms Macaroni Salad; 05021  Net Weight: 1 X 10 LB., Keep Refrigerated; Use by: 03/14/16; Lot # 430;   Packed by Winter Gardens Quality Foods, Inc, New Oxford, PA 17350",The supplier of the salad oil used in the above product(s) has voluntarily recalled this raw material due to the potential presence of foreign material.  Winter Gardens is continuing this voluntary recall through the supply chain.,"Winter Gardens Quality Foods, Inc.",Class II,Terminated,Voluntary: Firm initiated,MD  NC  NJ  NY  PA  VA,"Use By: 03/14/216, Lot # 430",New Oxford,PA,United States,20160215,20160420
F-0526-2018,"Dark Chocolate Pecans Net Wt. 7 oz, Farrell Farms, 200 Gin Road, Goldsboro, NC",Undeclared allergen: Milk,"Farrell Farms, Inc",Class I,Terminated,Voluntary: Firm initiated,NC,"Sold via website between October 16th, 2017 to November 17th, 2017",Goldsboro,NC,United States,20171119,20180103
F-0559-2014,"Finest Traditions Garden Vegetable Spaghetti, Product Code 10 733147 10196 1,	1/8 lb","Garden-Fresh Foods is recalling various ready-to-eat salads, slaw, and dip products sold under various brands and codes because they may be contaminated with Listeria monocytogenes.","Garden-Fresh Foods, Inc.",Class I,Terminated,Voluntary: Firm initiated,"CA, IL, IN, MA, MI,MN, MO, OH, PA, WI.",10 733147 10196 1=  11/4/2013 - 11/20/2013; ;,Milwaukee,WI,United States,20131030,20131211
F-1554-2017,Cashew Clusters 32 oz,Snak King is recalling cashew clusters because it may be contaminated with Salmonella.,Snak King Corporation,Class I,Terminated,Voluntary: Firm initiated,"US (Florida, Atlanta, CA)",Lot 5352533:  Date code on bag 8/30/17  Lot 5353827: Date code on bag 8/31/17  Lot 5354506: Date code on bag 8/31/17  Lot 5355694: Date code on bag 9/1/17  Lot 5355670: Date code on bag 9/1/17  Lot 5356902: Date code on bag 9/2/17,City Of Industry,CA,United States,20170215,20170308
F-2021-2016,"Devils Food Sheet Cake 8x12 Mega   28.125 lb case 20, 2  2.5oz cakes per case",Products may contain undeclared tree nuts (walnuts).  People who have an allergy or severe sensitivity to tree nuts run the risk of serious or life-threatening allergic reaction if they consume these products.,"Minnie Marie Bakers, Inc. dba Awrey's Bakery",Class I,Terminated,Voluntary: Firm initiated,Ohio,product 6585,Livonia,MI,United States,20160729,20160907
F-1334-2018,Eggo Homestyle Waffles 24ct 29.6oz    UPC: 38000402807    Target item number: 270-5-49,Shipping container from CA to HI was not held at proper temperature which could cause food items to be contaminated with spoilage organisms or pathogens,Target Corporation,Class II,Terminated,Voluntary: Firm initiated,HI,"All product purchased at  Target store T2780, Honolulu, HI from March 23 through March 27, 2018.",Minneapolis,MN,United States,20180327,20180509
